日期,开盘,最高,最低,收盘,成交量,成交额,MA5,MA10,MA20,MA60,DIF,DEA,MACD,RSI,K,D,J,upper,middle,lower,ATR,OBV
2025-04-25,10.48255728,10.49205235,10.43508193,10.45407207,63754686.0,702315255.47,,,,,0.0,0.0,0.0,,,,,,,,,0.0
2025-04-28,10.444577,10.48255728,10.40659672,10.444577,64201837.0,706520175.92,,,,,-0.000757441481480825,-0.000151488296296165,-0.00121190637036932,,,,,,,,,-64201837.0
2025-04-29,10.444577,10.46356714,10.39710165,10.42558686,64904494.0,712792543.41,,,,,-0.0028571296908292965,-0.0006926165752027913,-0.00432902623125301,,,,,,,,,-129106331.0
2025-04-30,10.40659672,10.41609179,10.34013123,10.35912137,86983492.0,949911030.4,,,,,-0.009771715043555673,-0.0025084362688733678,-0.014526557549364612,,,,,,,,,-216089823.0
2025-05-06,10.36861644,10.444577,10.34013123,10.40659672,85467127.0,935212114.49,10.417990804,,,,-0.011290559236792674,-0.004264860862457229,-0.01405139674867089,,,,,,,,,-130622696.0
2025-05-07,10.45407207,10.48255728,10.41609179,10.47306221,112627001.0,1240098147.39,10.421788832,,,,-0.007049779168966097,-0.004821844523759004,-0.004455869290414187,,,,,,,,,-17995695.0
2025-05-08,10.444577,10.52053756,10.43508193,10.52053756,105661366.0,1167913497.88,10.436980943999998,,,,0.00014031608838038778,-0.0038294124013311254,0.007939456979423026,,,,,,,,,87665671.0
2025-05-09,10.51104249,10.60599319,10.50154742,10.58700305,99989747.0,1113688152.8,10.469264182,,,,0.011074072930021828,-0.0008487153350605348,0.023845576530164725,,,,,,,,,187655418.0
2025-05-12,10.59649812,10.65346854,10.56801291,10.59649812,89560460.0,1000478411.18,10.516739531999999,,,,0.020271647858031372,0.0033753573035578462,0.03379258110894705,,81.81818181818156,81.81818181818156,81.81818181818156,,,,,277215878.0
2025-05-13,10.62498333,10.75791431,10.58700305,10.71993403,126103062.0,1420501315.06,10.579406994,10.498698899,,,0.03709344841008466,0.01011897552486321,0.0539489457704429,,84.84848484848459,82.82828282828257,88.88888888888863,,,,,403318940.0
2025-05-14,10.71993403,10.89084529,10.68195375,10.85286501,168351358.0,1912995432.64,10.655367554,10.538578193000001,,,0.060454385157019175,0.020186057451294405,0.08053665541144954,,87.60013932427712,84.41890166028077,93.96261465226985,,,,,571670298.0
2025-05-15,10.85286501,10.9193305,10.80538966,10.81488473,103546026.0,1183732832.12,10.714236988,10.575608965999999,,,0.07503840858943889,0.031156527678923303,0.08776376182103117,,85.72249725443612,84.85343352499922,87.46062471330993,,,,,468124272.0
2025-05-16,10.79589459,10.85286501,10.73892417,10.80538966,91474445.0,1039223622.85,10.75791431,10.613589246,,,0.08485205773347637,0.041895633689833914,0.08591284808728492,,83.92428778711042,84.54371827903628,82.68542680325868,,,,,376649827.0
2025-05-19,10.8243798,10.89084529,10.78639952,10.79589459,83139060.0,949883545.33,10.797793603999999,10.657266568,,,0.09081639768697158,0.051679786489261456,0.07827322239542026,76.47058823529402,81.1067578958095,83.39806481796069,76.52414405150711,,,,0.10376755071428548,293510767.0
2025-05-20,10.8243798,10.89084529,10.79589459,10.81488473,64363480.0,734455265.82,10.816783744,10.698095368999999,,,0.0959692518649291,0.060537679564394986,0.07086314460106824,77.14285714285704,80.21496278021286,82.33703080537808,75.97082672988242,,,,0.1064804278571427,357874247.0
2025-05-21,10.8243798,11.00478613,10.81488473,10.90034036,132827810.0,1528350367.92,10.826278813999998,10.740823184,,,0.10572969497455453,0.0695760826464269,0.07230722465625528,80.76923076923066,79.89173619309788,81.52193260128469,76.63134337672429,,,,0.11461905928571411,490702057.0
2025-05-22,10.87185515,10.97630092,10.86236008,10.96680585,100296806.0,1155265063.51,10.856663037999999,10.785450013,,,0.1174739593484837,0.07915565798683827,0.07663660272329087,84.33734939759042,83.69594007076097,82.24660175777679,86.59461669672933,,,,0.11801015571428548,590998863.0
2025-05-23,10.96680585,11.0142812,10.85286501,10.88135022,96264311.0,1108636100.57,10.871855149999998,10.81488473,,,0.11851959816739033,0.08702844602294868,0.0629823042888833,82.3529411764705,78.76025634347032,81.08448661967464,74.1117957910617,,,,0.12343590999999979,494734552.0
2025-05-26,10.86236008,10.9193305,10.8243798,10.84336994,69915858.0,800495684.57,10.88135022,10.839571912,,,0.11495841424297559,0.09261443966695407,0.04468794915204305,77.38095238095238,68.69731375278984,76.9554289973797,52.181083263610105,,,,0.1227576907142854,424818694.0
2025-05-27,10.87185515,10.95731078,10.84336994,10.90983543,80191514.0,921912281.33,10.900340360000001,10.858562052,10.6786304755,,0.11616033584928331,0.09732361890341992,0.03767343389172678,77.38095238095234,66.4878643409403,73.46624077856657,52.531111465687786,11.084021333436207,10.6786304755,10.273239617563794,0.12547056785714247,505010208.0
2025-05-28,10.9193305,10.96680585,10.86236008,10.94781571,65817947.0,757571318.99,10.909835430000001,10.868057122,10.7033176575,,0.1188080137362828,0.1016204978699925,0.03437503173258061,77.10843373493978,69.61259921579939,72.18169359097752,64.47441046544316,11.111256862324701,10.7033176575,10.295378452675298,0.12682700642857117,570828155.0
2025-05-29,10.93832064,10.96680585,10.87185515,10.88135022,91980676.0,1056726384.22,10.892744304,10.874703671,10.7251563185,,0.11422637739434549,0.1041416737748631,0.020169407238964793,68.67469879518069,60.29728836608854,68.22022518268119,44.45141473290323,11.121369631233147,10.7251563185,10.328943005766853,0.12614878714285688,478847479.0
2025-05-30,10.89084529,10.99529106,10.86236008,10.97630092,113084931.0,1303433716.38,10.911734444,10.891794797,10.7526920215,,0.11690946598804786,0.10669523221750005,0.02042846754109562,71.73913043478257,67.7344241281171,68.0582914978265,67.08668938869829,11.13763115551052,10.7526920215,10.367752887489479,0.12953988357142826,591932410.0
2025-06-03,10.95731078,11.30862837,10.94781571,11.21367767,219247966.0,2580962600.64,10.98579599,10.933573104999999,10.795419836499999,,0.1366153363564706,0.11267925304529416,0.047872166622352885,74.99999999999996,72.07935967515499,69.398647556936,77.44078391159297,11.186085324622647,10.795419836499999,10.40475434837735,0.14310426928571385,811180376.0
2025-06-04,11.22317274,11.28014316,11.18519246,11.24216288,116795950.0,1383019682.25,11.052261479999999,10.97630092,10.8371981445,,0.1527698630968981,0.12069737505561495,0.06414497608256631,72.04301075268813,76.81107638474393,71.86945716620531,86.69431482182117,11.231481005227657,10.8371981445,10.442915283772344,0.13496563785714244,927976326.0
2025-06-05,11.28014316,11.30862837,11.07125162,11.08074669,116680349.0,1369212336.43,11.078847675999999,10.994341553,10.867582368499999,,0.150809071305531,0.12671971430559817,0.048178713999865674,63.207547169811335,68.85444308002535,70.864452470812,64.83442429845203,11.236560194566428,10.867582368499999,10.49860454243357,0.1437824885714281,811295977.0
2025-06-06,11.1092319,11.19468753,11.09024176,11.1092319,68235251.0,799900023.53,11.124424012,11.008584158,10.8970170855,,0.1498265409697801,0.13134107963843455,0.036970922662691086,64.8148148148148,65.5108051906051,69.07990337740969,58.37260881699592,11.242609899533885,10.8970170855,10.551424271466114,0.1437824885714281,879531228.0
2025-06-09,11.13771711,11.15670725,11.06175655,11.11872697,77325468.0,905092604.93,11.152909222,11.032321833,10.9236032815,,0.14810676875835505,0.13469421746241866,0.026825102591872763,65.74074074074076,63.401761283532736,67.18718934611738,55.830905158363464,11.250059024161548,10.9236032815,10.597147538838453,0.14310426928571385,956856696.0
2025-06-10,11.12822204,11.28963823,11.11872697,11.21367767,142813180.0,1689018780.13,11.152909222,11.069352606,10.954462259,,0.15264595726782737,0.13828456542350043,0.028722783688653886,68.10344827586204,68.50897560746152,67.62778476656544,70.27135728925367,11.267115844312341,10.954462259,10.641808673687658,0.14853002357142803,1099669876.0
2025-06-11,11.22317274,11.32761851,11.19468753,11.25165795,109466664.0,1298656315.35,11.154808236000001,11.103534858,10.981048455,,0.15749251239897788,0.14212615481859592,0.030732715160763924,66.66666666666666,73.56380686755936,69.60645880023009,81.4785030022179,11.300095895173905,10.981048455,10.662001014826094,0.1444607078571424,1209136540.0
2025-06-12,11.32021092,11.4573069,11.28104064,11.43772176,129022047.0,1500287176.22,11.226203250000001,11.152525463,11.0102912925,,0.174337581605446,0.14856844017596593,0.051538282858960116,70.06371576034238,81.27856644727629,73.49716134924549,96.8413766433379,11.382631026773266,11.0102912925,10.637951558226733,0.15101128714285675,1338158587.0
2025-06-13,11.43772176,11.49647718,11.32021092,11.33979606,109549419.0,1272773100.57,11.272316082,11.198370047000001,11.036536859,,0.17773679558082023,0.15440211125693679,0.046669368647766885,69.32705146677141,78.00005255998175,74.99812508615759,84.00390750763009,11.424551574153083,11.036536859,10.648522143846916,0.15207200642857113,1228609168.0
2025-06-16,11.33000349,11.54544003,11.29083321,11.54544003,117443827.0,1371041708.41,11.357658694,11.255283958,11.073539377500001,,0.19477915404493729,0.1624775198145369,0.06460326846080078,75.93181455787132,85.33336837332118,78.4432061818788,99.11369275620598,11.50720379382218,11.073539377500001,10.639874961177822,0.16347601499999978,1346052995.0
2025-06-17,11.54544003,11.63357316,11.46709947,11.51606232,89002734.0,1048960748.8,11.418135624,11.285522423,11.109547764000002,,0.20356820271004494,0.1706956563936385,0.06574509263281286,73.02249123188454,83.37209829460737,80.08617021945498,89.94395444491212,11.565182837755199,11.109547764000002,10.653912690244805,0.1672283614285711,1257050261.0
2025-06-18,11.53564746,11.56502517,11.41813662,11.52585489,68352111.0,802908097.73,11.472975012,11.313891624,11.145096272,,0.20891551761621052,0.17833962863815292,0.061151777956115205,72.43227959784448,82.63543051609872,80.93592365166957,86.03444424495703,11.614659823710761,11.145096272,10.675532720289238,0.17025998857142824,1325402372.0
2025-06-19,11.51606232,11.53564746,11.40834405,11.4573069,83224716.0,974127330.84,11.476892040000001,11.351547645,11.172944599000001,,0.20525599000575667,0.18372290091167368,0.04306617818816599,72.31539376001952,78.14839941265573,80.00674890533162,74.43170042730395,11.647427496843992,11.172944599000001,10.69846170115601,0.17257089642857107,1242177656.0
2025-06-20,11.4573069,11.61398802,11.42792919,11.59440288,130919782.0,1544541881.0,11.527813404,11.400064743,11.2043244505,,0.21098617059579006,0.18917555484849696,0.04362123149458619,73.19093252946558,82.89621565384942,80.9699044881709,86.74883798520648,11.703761311021612,11.2043244505,10.704887589978387,0.17636574285714257,1373097438.0
2025-06-23,11.56502517,11.72170629,11.42792919,11.68253601,138917048.0,1646476917.07,11.5552326,11.456445647,11.24438374,,0.22010179059543766,0.1953608019978851,0.04948197719510511,69.80990820365484,86.12000172768587,82.68660356800922,92.9867980470392,11.762905038835543,11.24438374,10.725862441164457,0.17157748857142835,1512014486.0
2025-06-24,11.6531583,11.76087657,11.59440288,11.68253601,130852531.0,1560621893.02,11.588527338,11.503331481,11.2863420435,,0.22473537560262002,0.2012357167188321,0.04699931776757582,69.06528536451516,85.3044909477089,83.55923269457578,88.79500745397513,11.804041603122378,11.2863420435,10.76864248387762,0.17668627357142835,1512014486.0
2025-06-25,11.68253601,11.82942456,11.58461031,11.80983942,167511647.0,2007989726.91,11.645324244,11.559149628,11.331342242999998,,0.23595984812274828,0.20818054299961536,0.05555861024626585,82.5256797731875,88.99087275301804,85.3697793807232,96.23305949760771,11.867380905342868,11.331342242999998,10.795303580657128,0.17721752357142836,1679526133.0
2025-06-26,11.80004685,12.22112736,11.76087657,12.15257937,217457766.0,2672207528.88,11.784378738,11.630635389,11.391580426,,0.26940602803882996,0.2204256400074583,0.09796077606274334,86.35229691291579,90.20444148446813,86.98133341530485,96.65065762279471,12.01051293982402,11.391580426,10.772647912175982,0.20195394857142837,1896983899.0
2025-06-27,12.11340909,12.31905306,11.87838741,11.9469354,237760015.0,2937865058.47,11.854885242,11.691349323,11.444859685,,0.2761354987076796,0.23156761174750257,0.0891357739203541,75.38649005075199,79.84955597172426,84.60407426744466,70.34051938028344,12.062312621951975,11.444859685,10.827406748048027,0.22664787357142835,1659223884.0
2025-06-30,11.88817998,11.91755769,11.71191372,11.81963199,150481965.0,1812492376.93,11.882304438,11.718768519,11.4870262385,,0.2681057749444413,0.23887524438689034,0.058461061115101964,68.21266674292117,68.28680075534304,79.16498309674412,46.53043607254085,12.084613530352259,11.4870262385,10.889438946647742,0.2312271892857141,1508741919.0
2025-07-01,11.80983942,12.07423881,11.80983942,12.0448611,135434108.0,1653806750.47,11.954769456,11.771648397,11.52858541,,0.2767263388912564,0.24644546328776357,0.0605617512069857,71.42864830649431,68.8220248763219,75.71733035660338,55.03141391575895,12.160739990056285,11.52858541,10.896430829943714,0.2406177899999998,1644176027.0
2025-07-02,12.05465367,12.15257937,11.97631311,12.06444624,120041184.0,1481842212.5,12.00569082,11.825507532,11.569699578,,0.2818891128223342,0.2535341931946777,0.05670983925531303,68.60465116279069,69.69087372707178,73.70851148009285,61.65559822102961,12.229762362795062,11.569699578,10.909636793204937,0.23851902642857123,1764217211.0
2025-07-03,12.07423881,12.16237194,12.02527596,12.09382395,79408597.0,980546007.28,11.993939736,11.889159237,11.620353441,,0.2850651306564007,0.2598403806870223,0.0504494999387568,73.33333333333337,71.36900739313947,72.92867678444173,68.24966861053494,12.277910135901042,11.620353441,10.96279674609896,0.23572114928571405,1843625808.0
2025-07-04,12.09382395,12.45614904,12.0448611,12.3386382,177533267.0,2224874055.62,12.072280296,11.963582769,11.681823756,,0.3038342001200558,0.26863914457362903,0.07039011109285354,73.96449704142013,76.41828957295442,74.0918810472793,81.07110662430466,12.367454407852287,11.681823756,10.996193104147713,0.24691265785714261,2021159075.0
2025-07-07,12.3386382,12.55407474,12.3386382,12.51490446,149540653.0,1901755851.27,12.21133479,12.046819614,11.751632630500001,,0.3291379396699856,0.2807389035929003,0.09679807215417058,77.71739130434786,82.9320583685016,77.03860682102007,94.71896146346467,12.47890648696335,11.751632630500001,11.024358774036653,0.2504100042857142,2170699728.0
2025-07-08,12.48552675,12.57365988,12.38760105,12.42677133,109098597.0,1387093602.06,12.287716836,12.121243146000001,11.812287313499999,,0.33818138405047193,0.29222739968441463,0.0919079687321146,73.95833333333333,82.93955406384956,79.00558923529657,90.80748372095553,12.552876184252394,11.812287313499999,11.071698442747604,0.25320788142857126,2061601131.0
2025-07-09,12.39739362,12.6324153,12.39739362,12.57365988,120596330.0,1542699034.65,12.389559563999999,12.197625192,11.87838741,,0.3531303899434377,0.30440799773621924,0.09744478441443694,78.49999999999994,86.4987098014316,81.50329609067492,96.48953722294499,12.643858005563713,11.87838741,11.112916814436288,0.2609020435714284,2182197461.0
2025-07-10,12.55407474,13.05349581,12.52469703,12.90660726,248141553.0,3249454028.73,12.552116225999999,12.273027981,11.951831684999998,,0.387378201056805,0.32100203840033636,0.13275232531293724,80.45454545454541,87.34950483112472,83.45203233749152,95.14444981839114,12.814923857846072,11.951831684999998,11.088739512153925,0.28538346857142827,2430339014.0
2025-07-11,12.91639983,13.0241181,12.62262273,12.64220787,244374350.0,3200219566.16,12.61283016,12.342555227999998,12.0169522755,,0.38870427607660396,0.33454248593558994,0.10832358028202804,70.58823529411764,80.54271450683908,82.48225972727404,76.66362406596915,12.882141797036468,12.0169522755,11.151762753963531,0.2930776307142855,2185964664.0
2025-07-14,12.60303759,12.89681469,12.59324502,12.71075586,187289585.0,2440924105.22,12.652000439999998,12.431667615,12.075218067,,0.39078176110833773,0.3457903409701395,0.08998284027639647,71.42857142857143,76.42241573183216,80.46231172879342,68.34262373790963,12.963358392667486,12.075218067,11.187077741332514,0.3028702007142855,2373254249.0
2025-07-15,12.72054843,12.76951128,12.44635647,12.46594161,181053131.0,2322277284.93,12.659834496,12.473775666,12.122712031499999,,0.3684267250379474,0.35031761778370113,0.0362182145084925,63.03501945525291,65.23399144026907,75.38620496595198,44.92956438890326,12.986201169607085,12.122712031499999,11.259222893392913,0.30846595499999985,2192201118.0
2025-07-16,12.46594161,12.49531932,12.2407125,12.37780848,192786379.0,2424983973.27,12.620664216,12.50511189,12.165309711,,0.3396829374040191,0.34819068170776474,-0.017015488607491247,54.97835497835499,54.49256387280076,68.42165793490157,26.634375748599126,12.98791258761716,12.165309711,11.342706834382842,0.2937770999999998,1999414739.0
2025-07-17,12.34843077,12.4365639,12.27988278,12.32884563,94464140.0,1189666226.65,12.50511189,12.528614058,12.208886647499998,,0.309385976865709,0.3404297407393536,-0.062087527747289206,59.06976744186047,39.942833746525785,58.928716538776314,1.9710681620247215,12.963061779815424,12.208886647499998,11.454711515184572,0.27349249071428555,1904950599.0
2025-07-18,12.35822334,12.48552675,12.3386382,12.4365639,124120611.0,1574176824.24,12.463983096,12.538406628,12.2509946985,,0.2907161862802443,0.33048702984753175,-0.07954168713457488,64.78873239436618,34.66068434507338,50.83937247420867,2.3033080868027866,12.952945437522676,12.2509946985,11.549043959477324,0.2678967364285713,2029071210.0
2025-07-21,12.37780848,12.44635647,12.28967535,12.34843077,107902662.0,1360155718.72,12.391518078,12.521759259000001,12.2842894365,,0.26574528942519215,0.3175386817630638,-0.10358678467574334,57.78894472361808,27.524793579446495,43.067846175954614,-3.5613116135697425,12.933931962654878,12.2842894365,11.634646910345122,0.2602025742857141,1921168548.0
2025-07-22,12.3386382,12.3386382,12.06444624,12.23091993,193522916.0,2408337285.96,12.344513742,12.502174119,12.311708632499998,,0.2337786759982965,0.3007866806101104,-0.13401600922362777,54.066985645933016,23.960423442403286,36.698705264770844,-1.516140202331826,12.897572471132378,12.311708632499998,11.72584479386762,0.2678967364285712,1727645632.0
2025-07-23,12.20154222,12.36801591,12.19174965,12.27009021,137052000.0,1719158802.83,12.322970088,12.471817152,12.334721172,11.448231296833335,0.20919415874362457,0.28246817623681325,-0.14654803498637736,54.28571428571425,23.116472771125956,32.171294433555886,5.006829446266096,12.871699251506007,12.334721172,11.797743092493993,0.2706946135714284,1864697632.0
2025-07-24,12.27009021,12.27009021,12.07423881,12.09382395,195935057.0,2426175235.74,12.275965752,12.390538821,12.331783401,11.475560494833333,0.17348767965527756,0.2606720769205061,-0.17436879453045706,43.842364532019715,16.587452435652615,26.976680434254796,-4.191003561551746,12.873578497332035,12.331783401,11.789988304667963,0.255306289285714,1668762575.0
2025-07-25,12.07423881,12.20154222,12.06444624,12.09382395,110826666.0,1372103731.0,12.207417762,12.335700429000001,12.3391278285,11.503047944,0.14353545040195748,0.23724475161679637,-0.18741860242967778,38.37837837837838,12.447190512657318,22.13351712705564,-6.925462716139322,12.862630616827229,12.3391278285,11.815625040172772,0.24971053499999968,1668762575.0
2025-07-28,12.09382395,12.27009021,12.06444624,12.20154222,123824278.0,1541317046.96,12.178040052,12.284779065,12.358223339999999,11.532647200000001,0.1270257829197039,0.21520095787737786,-0.17635034991534793,43.85026737967915,18.904187614498813,21.057073956203368,14.598414931089707,12.82693336299006,12.358223339999999,11.889513317009937,0.25110947357142827,1792586853.0
2025-07-29,12.20154222,12.25050507,12.08403138,12.08403138,101281801.0,1255113972.39,12.148662342,12.246588042,12.360181854,11.561395700166665,0.10326918688181586,0.19281460367826547,-0.17909083359289923,36.413043478260875,14.153179339898454,18.755775750768397,4.947986518158565,12.823676991945984,12.360181854,11.896686716054017,0.24621318857142832,1691305052.0
2025-07-30,12.09382395,12.37780848,12.08403138,12.23091993,171516360.0,2149934404.53,12.140828286000001,12.231899187,12.3685055385,11.591801086999999,0.09519721748595522,0.17329112643980343,-0.15618781790769642,29.090909090909065,22.613747466909075,20.041766322815292,27.75770975509664,12.815317684569665,12.3685055385,11.921693392430333,0.22942592571428552,1862821412.0
2025-07-31,12.25050507,12.28967535,11.96652054,11.97631311,169008125.0,2079630602.38,12.117326118000001,12.196645935,12.3626299965,11.616855268666665,0.06747764080844831,0.15212842931353243,-0.16930157701016824,29.268292682926784,15.756103753449596,18.613212133026728,10.041886994295332,12.82738113124996,12.3626299965,11.897878861750042,0.22383017142857117,1693813287.0
2025-08-01,11.98610568,12.07423881,11.89797255,12.02527596,101218698.0,1240239179.62,12.10361652,12.155517141,12.3469618845,11.641934242,0.04889691616586056,0.13148212668399806,-0.165170421036275,28.395061728394992,19.34760658393236,18.858010283328607,20.32679918513987,12.835631835955706,12.3469618845,11.858291933044296,0.2147370707142855,1795031985.0
2025-08-04,11.98610568,12.12320166,11.95672797,12.0448611,103268969.0,1271376406.58,12.072280296,12.125160174,12.3234597165,11.666231876166666,0.03534448590553119,0.11225459852830469,-0.153820225245547,34.532374100719395,23.102486021941292,20.272835529532834,28.76178700675821,12.823208108821074,12.3234597165,11.823711324178927,0.20354556214285693,1898300954.0
2025-08-05,12.0448611,12.2407125,12.02527596,12.21133479,113207820.0,1405152349.43,12.097740978,12.12320166,12.312687889500001,11.693145820666667,0.037603651303786734,0.0973244090834011,-0.11944151555922874,44.21768707482992,37.17036483095406,25.905345296673243,59.700403899515685,12.812347400672815,12.312687889500001,11.813028378327187,0.20074768499999987,2011508774.0
2025-08-06,12.21133479,12.26029764,12.1427868,12.20154222,69044765.0,859684675.49,12.091865436,12.116346861,12.2940820065,11.7178392905,0.03816394737018314,0.08549231674075752,-0.09465673874114877,45.45454545454546,45.86867859478569,32.5597897293774,72.48645632560226,12.780358218052715,12.2940820065,11.807805794947285,0.1979498078571427,1942464009.0
2025-08-07,12.18195708,12.27009021,12.13299423,12.21133479,72205305.0,900760012.96,12.138869772,12.128097945,12.259318383000002,11.7404804535,0.038949182665849236,0.07618368992577587,-0.07446901451985327,41.35338345864664,52.347826546183654,39.15580200164615,78.73187563525866,12.651531095538827,12.259318383000002,11.867105670461177,0.1965508692857141,2014669314.0
2025-08-08,12.22112736,12.27009021,12.13299423,12.1427868,82979591.0,1032586758.9,12.162371940000002,12.13299423,12.2343473295,11.762612154666668,0.03365231444831096,0.06767741483028289,-0.06805020076394386,41.98473282442745,51.905353751877485,43.4056525850566,68.90475608551924,12.585346065961788,12.2343473295,11.883348593038212,0.19515193071428552,1931689723.0
2025-08-11,12.1427868,12.16237194,12.01548339,12.0448611,93435315.0,1150305112.61,12.16237194,12.117326118,12.201052591499998,11.783270012,0.021307107560515348,0.05840335337632938,-0.07419249163162807,42.63565891472866,44.80765080057138,43.87298532356153,46.6769817545911,12.480890773465218,12.201052591499998,11.921214409534779,0.18535936071428555,1838254408.0
2025-08-12,12.0448611,12.1427868,12.0448611,12.07423881,68005619.0,839635630.05,12.134952744,12.116346861,12.181467451500001,11.804575749,0.013735641906993834,0.049469811082462276,-0.07146833835093688,42.18750000000005,44.87176720038097,44.20591261583468,46.20347636947355,12.437022029988944,12.181467451500001,11.92591287301106,0.1797636064285712,1906260027.0
2025-08-13,12.11340909,12.1427868,11.97631311,12.00569082,111981305.0,1376777908.92,12.095782464,12.093823949999999,12.1628615685,11.824422517166665,0.0021788346638427214,0.04001161579873837,-0.07566556226979129,46.15384615384612,39.56363427393817,42.65848650186918,33.373929818076164,12.412340066403335,12.1628615685,11.913383070596666,0.17766519857142843,1794278722.0
2025-08-14,12.01548339,12.08403138,11.93714283,11.9469354,124104129.0,1523447931.74,12.042902586,12.090886179,12.143766057,11.841865767833333,-0.011587516021403843,0.029691789434709927,-0.08255861091222755,43.90243902439018,27.35614833948803,37.5577071144088,6.9530307896464905,12.398166634098656,12.143766057,11.889365479901345,0.17836466785714272,1670174593.0
2025-08-15,11.97631311,11.97631311,11.69232858,11.82942456,194850295.0,2344073499.27,11.980230138,12.071301039000002,12.113409090000001,11.856242746333333,-0.03161515104806334,0.017430401338155276,-0.09809110477243724,34.67741935483872,26.14703674609936,33.75415032497232,10.932809588353436,12.365585905869793,12.113409090000001,11.86123227413021,0.18396042214285707,1475324298.0
2025-08-18,11.80983942,11.89797255,11.78046171,11.82942456,123905837.0,1496527038.59,11.937142829999999,12.049757385,12.0874587795,11.872043985333335,-0.04694603147011378,0.0045551147765014646,-0.1030022924932305,38.39285714285713,25.340962350506913,30.949754333483853,14.123378384553035,12.344572760615462,12.0874587795,11.83034479838454,0.1804630757142856,1475324298.0
2025-08-19,11.8490097,11.86859484,11.77066914,11.80983942,89285989.0,1077380172.82,11.884262952,12.009607848,12.066404754,11.888151810000002,-0.0599847548609489,-0.008352859150988608,-0.10326379141992058,28.282828282828305,23.67363591728708,28.52438152808493,13.972144695691384,12.342328871667489,12.066404754,11.790480636332513,0.16647368999999987,1386038309.0
2025-08-20,11.80983942,11.86859484,11.73149886,11.81963199,104873853.0,1265435773.22,11.847051185999998,11.971416825,12.043881843,11.903315086,-0.06873551825990987,-0.02042939097277286,-0.09661225457427401,39.189189189189236,23.127056713219623,26.725273256463165,15.930623626732547,12.323317539601959,12.043881843,11.76444614639804,0.1531837735714284,1490912162.0
2025-08-21,11.80004685,11.93714283,11.78046171,11.89797255,121741825.0,1477053291.9,11.837258616,11.940080601,12.034089273000001,11.919151033333332,-0.06855882931881396,-0.030055278641981084,-0.07700710135366576,41.558441558441615,30.001371142146454,27.81730588502426,34.36950165639084,12.319811952213813,12.034089273000001,11.748366593786189,0.1517848349999998,1612653987.0
2025-08-22,11.89797255,11.91755769,11.73149886,11.80983942,164425977.0,1979461310.91,11.833341588,11.906785863,12.0198900465,11.934625853333332,-0.07466966368896522,-0.03897815565137791,-0.07138301607517461,35.71428571428572,28.69656626867732,28.110392679575284,29.868913446881393,12.320928700776744,12.0198900465,11.718851392223257,0.1531837735714284,1448228010.0
2025-08-25,11.86859484,12.27009021,11.8490097,12.19174965,304508753.0,3761289075.87,11.905806606,11.921474718,12.019400418,11.954883332166666,-0.04814064476314073,-0.040810653473730474,-0.014659982578820507,49.056603773584904,47.94460350115216,34.72179628676758,74.39021792992132,12.319224473584224,12.019400418,11.719576362415776,0.1706705057142855,1752736763.0
2025-08-26,12.19174965,12.2407125,12.0448611,12.10361652,138359861.0,1709560922.86,11.964562026,11.924412489,12.020379675000001,11.969715646333334,-0.033837752615978545,-0.039416073302180096,0.011156641372403103,45.61403508771927,55.69188256009013,41.71182504454177,83.65199759118684,12.32121875321457,12.020379675000001,11.719540596785432,0.17626625999999984,1614376902.0
2025-08-27,12.06444624,12.10361652,11.80004685,11.80983942,186004950.0,2268070720.55,11.962603512,11.904827349,11.999325649500001,11.979176922,-0.04568137782699466,-0.040669134207143014,-0.010024487239703297,35.66433566433568,43.907582723675894,42.44374427091981,46.83525962918807,12.297046563449754,11.999325649500001,11.701604735550248,0.18815723785714272,1428371952.0
2025-08-28,11.83921713,11.88817998,11.72170629,11.82942456,165358793.0,1991723373.76,11.948893914,11.893076265000001,11.991981222,11.9916548865,-0.05287763851566041,-0.04311083506884649,-0.019533606893627833,38.40579710144931,35.81934086340296,40.23560980174753,26.986802986713812,12.299188427335457,11.991981222,11.684774016664543,0.1902556457142856,1593730745.0
2025-08-29,11.80004685,11.96652054,11.78046171,11.80004685,180512568.0,2186232853.05,11.9469354,11.890138493999999,11.980719766499998,12.003168469,-0.06025666135133001,-0.046540000325343195,-0.02743332205197363,40.458015267175576,28.641465337506688,36.370894980333915,13.182606051852233,12.299097603693012,11.980719766499998,11.662341929306985,0.19305352285714264,1413218177.0
2025-09-01,11.80004685,11.80004685,11.60419545,11.64336573,185845902.0,2214306331.71,11.837258616,11.871532611000001,11.960644998,12.011912448333334,-0.07785004025276443,-0.052802008310827445,-0.05009606388387397,34.72222222222223,21.055094538729886,31.265628166465905,0.6340272832578435,12.311017681670789,11.960644998,11.61027231432921,0.20004821571428547,1227372275.0
2025-09-02,11.60419545,11.74129143,11.59440288,11.73149886,149271566.0,1780010208.88,11.762835083999999,11.863698555,11.9366532015,12.0205428015,-0.0837162835487284,-0.058984863358407635,-0.049462840380641526,40.410958904109634,20.800014716641183,27.777090349857666,6.845863450208213,12.280398911585094,11.9366532015,11.592907491414907,0.19864927714285688,1376643841.0
2025-09-03,11.73149886,11.76087657,11.49647718,11.50626975,136723249.0,1619322977.46,11.70212115,11.832362330999999,11.901889578,12.0247863315,-0.10532530591965461,-0.06825295187065702,-0.07414470809799517,36.19631901840497,14.288617406030838,23.280932701915393,-3.6960131857382734,12.272425127977172,11.901889578,11.531354028022829,0.2070429085714284,1239920592.0
2025-09-04,11.51606232,11.52585489,11.3593812,11.49647718,129530002.0,1513956779.44,11.635531674000001,11.792212794,11.8661466975,12.0257655885,-0.12183633694052709,-0.07896962888463105,-0.08573341611179208,38.815789473684255,14.543666084307292,20.368510496046028,2.8939772608298213,12.24871712407566,11.8661466975,11.48357627092434,0.198649277142857,1110390590.0
2025-09-05,11.48668461,11.49647718,11.38875891,11.47689204,81966156.0,957547462.67,11.570900712,11.758918055999999,11.832851959500001,12.0280505215,-0.13494622897180086,-0.09016494890206501,-0.0895625601394717,38.31168831168835,14.140221833982617,18.292414275358226,5.8358369512314,12.229689265188311,11.832851959500001,11.436014653811691,0.1979498078571427,1028424434.0
2025-09-08,11.46709947,11.53564746,11.42792919,11.4573069,92443104.0,1083054608.28,11.533688946,11.685473780999999,11.803474249499999,12.026581636000001,-0.14524201048950403,-0.10118036121955282,-0.08812329853990242,38.31168831168839,13.812779468269166,16.799202672995207,7.839933058817081,12.220696768268484,11.803474249499999,11.386251730731514,0.198649277142857,935981330.0
2025-09-09,11.46709947,11.53564746,11.43772176,11.50626975,86053917.0,1009279728.78,11.488643124,11.625739104,11.7750757965,12.0264184265,-0.1477474579977951,-0.11049378057520129,-0.07450735484518761,39.87341772151901,17.273035774545033,16.957147040178484,17.904813243278127,12.192017574068682,11.7750757965,11.358134018931317,0.19585139999999981,1022035247.0
2025-09-10,11.49647718,11.54544003,11.46709947,11.52585489,79266839.0,932170200.65,11.492560152,11.597340651,11.751084,12.026418426499998,-0.14646433638180945,-0.11768789173652293,-0.057552889290573034,37.5,20.65514212926659,18.18981206987452,25.585802248050726,12.167372807421751,11.751084,11.33479519257825,0.19025564571428547,1101302086.0
2025-09-11,11.52585489,11.60419545,11.46709947,11.60419545,96393163.0,1134234366.9,11.514103806,11.574817739999999,11.733947002499999,12.028866569,-0.13754054302020435,-0.12165842199325923,-0.03176424205389025,43.04635761589409,32.288613271363005,22.889412470370683,51.08701487334765,12.144467264119273,11.733947002499999,11.323426740880725,0.186758299285714,1197695249.0
2025-09-12,11.58461031,11.63357316,11.4573069,11.47689204,94038510.0,1107449056.76,11.514103806,11.542502258999999,11.716320376499999,12.026908055,-0.13913681120675037,-0.12515409983595746,-0.02796542274158581,20.80000000000004,31.28183974188422,25.686888227541864,42.47174277056892,12.139653027975887,11.716320376499999,11.29298772502411,0.16647368999999962,1103656739.0
2025-09-15,11.4573069,11.47689204,11.38875891,11.40834405,84038656.0,980347616.84,11.504311236000001,11.519000091,11.695266350999999,12.022338189000001,-0.14427005971522,-0.12897729181180997,-0.030585535806820052,21.13821138211388,24.919600478329357,25.43112564447103,23.89655014604601,12.136423073871699,11.695266350999999,11.2541096281283,0.1587795278571424,1019618083.0
2025-09-16,11.41813662,11.46709947,11.36917377,11.39855148,70804849.0,825169463.93,11.482767582,11.485705353,11.674701954000001,12.0176051135,-0.14742890604276582,-0.13266761465800114,-0.02952258276952935,27.659574468085168,21.37497174745773,24.0790743454666,15.966766551439989,12.131440113514378,11.674701954000001,11.217963794485625,0.14409067285714247,948813234.0
2025-09-17,11.39855148,11.42792919,11.33979606,11.39855148,77112893.0,896750270.44,11.4573069,11.474933526000001,11.6536479285,12.0107503145,-0.14822368415075537,-0.135778828556552,-0.02488971118840677,26.086956521739182,20.91664783163857,23.024932174190592,16.700079146534527,12.120954933268953,11.6536479285,11.186340923731047,0.13849491857142823,948813234.0
2025-09-18,11.40834405,11.41813662,11.14394466,11.17332237,138616040.0,1594827200.16,11.371132284,11.442618045,11.617415419499999,11.9944293645,-0.16512420928777338,-0.14164790470279626,-0.04695260916995425,21.428571428571473,15.944431887758956,20.664765412046716,6.5037648391834395,12.116266193867313,11.617415419499999,11.118564645132684,0.14479014214285688,810197194.0
2025-09-19,11.17332237,11.27124807,11.13415209,11.21249265,83465123.0,955004096.91,11.318252406,11.416178106,11.587548081,11.982188652,-0.17335890938899645,-0.14799010564003628,-0.050737607497920334,28.00000000000007,15.858379428440568,19.062636750844668,9.449864783632364,12.108911020908423,11.587548081,11.066185141091577,0.14059332642857125,893662317.0
2025-09-22,11.20270008,11.23207779,11.13415209,11.14394466,59640232.0,680158438.95,11.265372528,11.384841882,11.5351578315,11.970927196499998,-0.1833032131219916,-0.15505272713642737,-0.056500971971128466,19.387755102040842,11.225847723535551,16.45037374174163,0.7767956871233963,12.009326675747138,11.5351578315,11.06098898725286,0.13709597999999978,834022085.0
2025-09-23,11.13415209,11.33979606,11.08518924,11.28104064,134143022.0,1543271184.51,11.24187036,11.362318971,11.494029037499999,11.958196855499999,-0.17806897732166327,-0.15965597717347454,-0.03682600029637745,37.0786516853933,19.388660387118986,17.42980262353408,23.306375914288793,11.898105672656326,11.494029037499999,11.089952402343672,0.13639651071428535,968165107.0
2025-09-24,11.27124807,11.37896634,11.19290751,11.22228522,113958347.0,1310214181.06,11.206617108,11.331962004,11.464651327499999,11.9441608385,-0.17662584628355305,-0.16304995099549024,-0.0271517905761256,35.10638297872342,21.259106924745993,18.70623739060472,26.36484599302854,11.857325736992614,11.464651327499999,11.071976918007383,0.13779544928571394,854206760.0
2025-09-25,11.19290751,11.23207779,11.12435952,11.1635298,77327594.0,881943147.97,11.204658594,11.287895439,11.4313565895,11.928655936,-0.17816939995701553,-0.1660738407877953,-0.024191118338440454,33.673469387755105,20.83940461649727,19.417293132568904,23.683627584354,11.806326492289385,11.4313565895,11.056386686710615,0.13779544928571394,776879166.0
2025-09-26,11.15373723,11.20270008,11.08518924,11.1635298,75323875.0,856917687.88,11.194866024,11.256559215,11.399530737000001,11.909070796,-0.17734831636833803,-0.16832873590390385,-0.01803916092886837,34.37499999999994,20.730543248604928,19.85504317124758,22.48154340331962,11.749989839270217,11.399530737000001,11.049071634729785,0.13849491857142823,776879166.0
2025-09-29,11.1635298,11.24187036,11.03622639,11.13415209,117601243.0,1334456973.74,11.192907510000001,11.229140018999999,11.374070055,11.8860582565,-0.17702747485164316,-0.1700684836934517,-0.013917982316382915,29.78723404255328,22.15369549907003,20.621260613855064,25.218565269499962,11.723929549246462,11.374070055,11.02421056075354,0.14618908071428546,659277923.0
2025-09-30,11.13415209,11.13415209,11.05581153,11.10477438,83247947.0,942224081.28,11.157654257999999,11.199762309,11.342733831,11.864024974,-0.17710221719780606,-0.17147523039432258,-0.01125397360696695,27.368421052631646,20.752036315619392,20.664852514443176,20.926403917971825,11.669289554747037,11.342733831,11.016178107252964,0.1461890807142856,576029976.0
2025-10-09,11.09498181,11.17332237,11.03622639,11.1635298,104746906.0,1187061682.96,11.145903174,11.176260141,11.325596833499999,11.840522806,-0.17045547507929726,-0.17127127933131753,0.0016316085040405381,25.806451612903146,26.215643258031932,22.515116095639428,33.61669758281694,11.65199023437464,11.325596833499999,10.999203432625357,0.1461890807142856,680776882.0
2025-10-10,11.13415209,11.25166293,11.12435952,11.19290751,108794775.0,1244213512.59,11.151778715999999,11.178218654999998,11.310418349999999,11.811961143500001,-0.16096188002827816,-0.16920939947070968,0.016495038884863034,32.53012048192771,32.715190743449845,25.915140978242903,46.315290273863724,11.631544242402168,11.310418349999999,10.98929245759783,0.14269173428571427,789571657.0
2025-10-13,11.08518924,11.22228522,11.04601896,11.1635298,116880173.0,1328180363.51,11.151778715999999,11.17332237,11.294750237999999,11.787316509,-0.15403307581419412,-0.1661741347394066,0.024282117850424945,34.17721518987335,34.191079543252236,28.67378716657935,45.225664296598005,11.612234326668416,11.294750237999999,10.977266149331582,0.14898695785714292,672691484.0
2025-10-14,11.15373723,11.3593812,11.12435952,11.33000349,184342836.0,2124120304.48,11.190948996,11.191928252999999,11.2883850675,11.764303969499998,-0.1335692103380417,-0.15965314985913362,0.05216787904218384,46.31578947368417,51.36548160026335,36.23768531114068,81.62107417850868,11.597131092116992,11.2883850675,10.979639042883008,0.15877952785714275,857034320.0
2025-10-15,11.34,11.42,11.26,11.4,127106103.0,1443458104.69,11.24999412,11.203824188999999,11.28307158,11.746538275999999,-0.11043034387851414,-0.14980858866300972,0.07875648956899117,50.07240495477586,65.83985248164348,46.10507436797495,105.30940870898053,11.5794387089946,11.28307158,10.9867044510054,0.16391287571428556,984140423.0
2025-10-16,11.38,11.55,11.36,11.54,126193687.0,1447841584.81,11.32528816,11.235595667,11.2837788355,11.732574801333334,-0.07987504572499837,-0.13582188007540746,0.11189366870081818,70.03568120636258,76.57777413072571,56.26264095555854,117.20804048106007,11.582642465777537,11.2837788355,10.984915205222462,0.15789916428571424,1110334110.0
2025-10-17,11.5,11.58,11.38,11.4,103966632.0,1193518554.56,11.366706658,11.259242687,11.273569063,11.717094040833333,-0.06619354380158882,-0.12189621282064375,0.11140533803810987,59.22871155295985,73.35117909924483,61.958820336787305,96.13589662415988,11.538352288449657,11.273569063,11.008785837550343,0.1623923085714285,1006367478.0
2025-10-20,11.41,11.45,11.27,11.42,95264110.0,1081829699.98,11.418000698,11.284889707000001,11.270724461,11.700151309166667,-0.05312463438807313,-0.10814189713412964,0.11003452549211301,64.26873715399148,72.42611615098781,65.44791894152081,86.3825105699218,11.527409069605692,11.270724461,11.014039852394308,0.16825475857142852,1101631588.0
2025-10-21,11.4,11.47,11.39,11.43,76116462.0,869658079.64,11.437999999999999,11.314474498,11.2718072585,11.684844129666667,-0.04148233060952755,-0.09480998382920923,0.10665530643936336,58.8640189620365,72.42240772184823,67.77274853496328,81.72172609561812,11.53110562005133,11.2718072585,11.012508896948672,0.15578284285714286,1177748050.0
2025-10-22,11.4,11.54,11.4,11.52,83370319.0,957661635.9,11.462,11.355997059999998,11.277879684499998,11.672995464166666,-0.024708647243322446,-0.08078971651203187,0.11216213853741885,67.0807546709443,77.86948714460789,71.1383280715115,91.33180529080067,11.554767403921028,11.277879684499998,11.000991965078969,0.15249292642857132,1261118369.0
2025-10-23,11.52,11.71,11.5,11.63,137311158.0,1593155218.0,11.48,11.40264408,11.2894521105,11.662327293999999,-0.002510363725717113,-0.06513384595476893,0.12524696445810363,75.27645867596924,81.23014582719951,74.50226732340751,94.68590283478349,11.60431748090371,11.2894521105,10.974586740096289,0.1597987642857143,1398429527.0
2025-10-24,11.6,11.68,11.55,11.56,98047530.0,1138026681.09,11.512,11.439353329000001,11.308785992,11.653430228166664,0.009326016394638259,-0.05024187348488749,0.1191357797590515,69.96855237894668,78.94910269034125,75.9845457790521,84.87821651291955,11.640654710950463,11.308785992,10.976917273049539,0.1606908471428571,1300381997.0
2025-10-27,11.54,11.61,11.44,11.52,123948526.0,1428199707.19,11.532,11.475000349,11.3241613595,11.643866495666664,0.015302371002952952,-0.0371330245873194,0.10487079118054471,69.22781407946056,71.89199438615336,74.6203619814192,66.43525919562168,11.665601323362445,11.3241613595,10.982721395637554,0.1581448492857142,1176433471.0
2025-10-28,11.53,11.58,11.42,11.47,82156818.0,943626835.3,11.540000000000001,11.489,11.340464126499999,11.631674125333332,0.015821710129094058,-0.02654207764403671,0.08472757554626154,67.83361242704262,63.079511408950765,70.77341179059638,47.691710645659526,11.676771059751982,11.340464126499999,11.004157193248016,0.16397766642857128,1094276653.0
2025-10-29,11.46,11.46,11.36,11.39,96621364.0,1100783363.08,11.514,11.488,11.345912094500001,11.620106935666666,0.00966652898713427,-0.019300356317802515,0.05793377060987357,60.833555725509356,51.14391669687632,64.23024675935636,24.97125657191623,11.681695616034633,11.345912094500001,11.01012857296537,0.16204223928571423,997655289.0
2025-10-30,11.38,11.47,11.36,11.38,94377015.0,1077182643.3,11.464,11.472,11.3537978335,11.605924936833333,0.00393621294728419,-0.014653042464785174,0.03717851082413873,59.11891948973222,42.429277797917614,56.96325710554345,13.361319182665937,11.68472950300887,11.3537978335,11.02286616399113,0.1608062814285715,903278274.0
2025-10-31,11.38,11.4,11.3,11.32,97019293.0,1099179193.25,11.416,11.464,11.361621343500001,11.594986385,-0.005384532815531529,-0.012799340534934445,0.014829615438805833,57.40532955875145,29.912201458774312,47.94623855662041,-6.155872736917885,11.680803235135011,11.361621343500001,11.042439451864992,0.15535869142857145,806258981.0
2025-11-03,11.34,11.44,11.3,11.43,95232643.0,1084422503.85,11.398,11.465,11.3749448535,11.585065119,-0.0038508204323726147,-0.01100963651442208,0.01431763216409893,54.999842949451924,30.5105733302397,42.134350147826844,7.26301969506541,11.68129903189169,11.3749448535,11.068590675108311,0.14857142857142858,901491624.0
2025-11-04,11.42,11.64,11.4,11.59,150300748.0,1737289513.56,11.422,11.481,11.397737249,11.577484100666668,0.010158222835711328,-0.006776064644395398,0.03386857496021345,58.71559633027522,43.91761799251745,42.728772762723715,46.29530845210492,11.696393498387089,11.397737249,11.099080999612912,0.1542857142857143,1051792372.0
2025-11-05,11.59,11.6,11.5,11.52,79492605.0,918112474.29,11.448,11.481,11.418498529999999,11.565961854166666,0.01543416017867294,-0.0023340196797817306,0.03553635971690934,49.01960784313727,48.57665760904668,44.67806771149804,56.37383740414397,11.68768021763846,11.418498529999999,11.149316842361538,0.14785714285714274,972299767.0
2025-11-06,11.5,11.58,11.47,11.51,76658546.0,882799461.59,11.474,11.469,11.435822040000001,11.554436150499999,0.018594120659015445,0.0018516083879777047,0.033485024542075484,56.17977528089884,52.97267370014869,47.44293637438159,64.0321483516829,11.679279848003306,11.435822040000001,11.192364231996697,0.14142857142857132,895641221.0
2025-11-07,11.52,11.58,11.5,11.55,73485055.0,848177983.52,11.52,11.468,11.4536766645,11.543413904000001,0.0240488575520601,0.006291058220794184,0.03551559866253183,57.14285714285717,59.82491972166777,51.57026415681032,76.33423085138269,11.673338596454942,11.4536766645,11.234014732545058,0.1342857142857142,969126276.0
2025-11-10,11.52,11.64,11.45,11.63,82720833.0,957555600.77,11.559999999999999,11.479000000000001,11.4770001745,11.534867457333332,0.03443021714003258,0.011918890004641865,0.045022654270781434,60.20408163265309,72.2362209909158,58.458916434845484,99.79083010305642,11.663502029409138,11.4770001745,11.290498319590863,0.14214285714285715,1051847109.0
2025-11-11,11.62,11.69,11.57,11.67,88650887.0,1033284775.65,11.575999999999999,11.499,11.494,11.528619772333334,0.04536227702075024,0.01860756740786354,0.0535094192257734,58.06451612903226,79.7814122845422,65.56641505141107,108.21140675080446,11.68598684165439,11.494,11.30201315834561,0.14071428571428576,1140497996.0
2025-11-12,11.7,11.79,11.65,11.68,114132538.0,1337963805.19,11.608,11.528,11.508000000000001,11.5220491255,0.05420805297264586,0.025727664520820002,0.056960776903651714,53.012048192771026,79.03794832574924,70.05692614285712,96.99999269153346,11.711609533434144,11.508000000000001,11.304390466565858,0.13571428571428562,1254630534.0
2025-11-13,11.68,11.72,11.57,11.7,97899103.0,1139765204.11,11.646,11.56,11.516,11.5169542785,0.0621161902230174,0.033005369661259484,0.05822164112351583,58.97435897435891,79.90284990424098,73.33890072998508,93.03074825275277,11.736754686425801,11.516,11.295245313574199,0.13714285714285715,1352529637.0
2025-11-14,11.67,11.84,11.66,11.75,131699498.0,1551867288.21,11.686,11.603,11.5335,11.513672021833333,0.07159275142803168,0.04072284601461393,0.061739810826835495,64.5569620253165,79.78371811797885,75.48717319264968,88.3768079686372,11.770434367994278,11.5335,11.296565632005722,0.13785714285714284,1484229135.0
2025-11-17,11.75,11.75,11.62,11.67,99523287.0,1161416221.76,11.693999999999999,11.626999999999999,11.546,11.511014945833333,0.07181976944987589,0.046942230701666324,0.04975507749641914,62.19512195121946,71.99256421540474,74.32230353356803,67.33308557907816,11.784097724297807,11.546,11.307902275702192,0.13571428571428573,1384705848.0
2025-11-18,11.65,11.69,11.57,11.59,67007735.0,778887577.92,11.678,11.627,11.553999999999998,11.5070245365,0.0647974072795261,0.05051326601723828,0.028568282524575633,62.19512195121946,59.960854776081824,69.5351539477393,40.81225643276687,11.786369940985681,11.553999999999998,11.321630059014316,0.13642857142857132,1317698113.0
2025-11-19,11.58,11.83,11.57,11.8,133499619.0,1565428546.57,11.702000000000002,11.655,11.568000000000001,11.506860546166667,0.07530926133660998,0.05547246508111263,0.0396735925109947,70.58823529411762,69.88843309858456,69.65291366468773,70.35947196637821,11.824256450496486,11.568000000000001,11.311743549503516,0.14714285714285694,1451197732.0
2025-11-20,11.79,11.99,11.74,11.85,163703985.0,1948415939.65,11.732,11.689,11.579,11.507366679666667,0.08667542321795096,0.061713056708480304,0.04992473301894132,76.23762376237622,71.28364675708104,70.19649136215217,73.45795754693879,11.863763983529859,11.579,11.294236016470142,0.15785714285714267,1614901717.0
2025-11-21,11.8,11.88,11.66,11.69,146535888.0,1721871193.26,11.719999999999999,11.703,11.5855,11.503900470500001,0.08182924892876997,0.06573629515253825,0.03218590755246345,62.2641509433962,57.04624069519683,65.81307447316706,39.51257313925635,11.874343428721847,11.5855,11.296656571278152,0.1635714285714285,1468365829.0
2025-11-24,11.7,11.73,11.6,11.6,111711880.0,1302444629.51,11.706,11.7,11.5895,11.500403146833333,0.06992037449788668,0.06657311102160794,0.0066945269525574835,50.50505050505049,40.41177951108355,57.345976152472566,6.543386228305522,11.876735461818903,11.5895,11.302264538181095,0.1557142857142857,1356653949.0
2025-11-25,11.61,11.8,11.58,11.8,102808052.0,1203879796.74,11.748000000000001,11.713,11.606,11.493873986,0.0757476623426605,0.06840802128581847,0.014679282113684078,62.50000000000004,45.19515459469066,53.295702299878606,28.994059184314764,11.902108088373152,11.606,11.309891911626847,0.16428571428571434,1459462001.0
2025-11-26,11.81,11.85,11.65,11.69,82130109.0,962935429.85,11.725999999999999,11.714,11.620999999999999,11.486980377333333,0.07067505125417739,0.06886142727949025,0.0036272479493742737,57.377049180327845,39.65391258693658,48.74843906223127,21.4648596363472,11.900992481102056,11.620999999999999,11.341007518897941,0.17071428571428576,1377331892.0
2025-11-27,11.66,11.71,11.58,11.71,101184710.0,1178308953.13,11.698,11.715,11.6375,11.485316387,0.06749081121329503,0.06858730406625121,-0.0021929857059123647,56.66666666666666,37.54705283573555,45.01464365339936,22.611871200407933,11.89574305157005,11.6375,11.379256948429948,0.17428571428571438,1478516602.0
2025-11-28,11.67,11.68,11.58,11.61,88435845.0,1027933463.87,11.681999999999999,11.700999999999999,11.652,11.481659310999998,0.05624970222156911,0.0661197836973148,-0.01974016295149139,49.18032786885241,28.20597173176014,39.411753012852955,5.794409169574507,11.863520808980061,11.652,11.440479191019937,0.17000000000000007,1390080757.0
2025-12-01,11.6,11.7,11.53,11.69,103732271.0,1205480322.84,11.7,11.703,11.665,11.479825196833334,0.05318330968136742,0.06353248889412533,-0.020698358425515817,50.79365079365077,30.398184053057474,36.40723002625447,18.380092106663483,11.84927667985082,11.665,11.480723320149178,0.17357142857142868,1493813028.0
2025-12-02,11.68,11.73,11.59,11.64,76805993.0,894720591.59,11.668,11.708,11.6675,11.479769101333334,0.04618618379167749,0.060063227873635765,-0.027754088163916543,48.4615384615385,28.23647052812535,33.6836435268781,17.34212453061984,11.848825528727813,11.6675,11.486174471272188,0.1735714285714288,1417007035.0
2025-12-03,11.64,11.7,11.54,11.55,94460109.0,1099167226.64,11.64,11.683,11.669,11.476744120333333,0.03299827964685775,0.05465023822828016,-0.04330391716284482,44.52554744525555,20.729075590178926,29.365454214645045,3.4563183412466927,11.845623298218792,11.669,11.49237670178121,0.17428571428571452,1322546926.0
2025-12-04,11.55,11.58,11.46,11.49,88608988.0,1019178990.3,11.596,11.647,11.668,11.476472957833332,0.017503502557362438,0.04722089109409662,-0.059434777073468364,40.579710144927574,16.38348629088847,25.038131573392857,-0.9258042741203028,11.848595506151467,11.668,11.487404493848532,0.17000000000000018,1233937938.0
2025-12-05,11.49,11.54,11.4,11.53,89076609.0,1022334911.54,11.58,11.631,11.667,11.477031671500002,0.008355133013658644,0.03944773947800903,-0.06218521292870077,44.77611940298507,20.55195382355522,23.542738990113644,14.570383490438367,11.850544057524703,11.667,11.483455942475297,0.17071428571428576,1323014547.0
2025-12-08,11.49,11.6,11.48,11.52,85589893.0,988510035.14,11.546000000000001,11.623,11.6615,11.477750137500001,0.0002946710291169552,0.031617125788230616,-0.06264490951822732,47.24409448818897,22.590191437925657,23.225223139384315,21.320128035008345,11.855979061246085,11.6615,11.467020938753915,0.17071428571428576,1237424654.0
2025-12-09,11.52,11.54,11.43,11.43,73395745.0,842732358.15,11.504000000000001,11.586,11.6495,11.477295022499998,-0.013203350993290286,0.022653030431926437,-0.07171276285043345,33.91304347826086,18.090430655586736,21.513625644785122,11.244040677189965,11.869688914104998,11.6495,11.429311085895002,0.16,1164028909.0
2025-12-10,11.44,11.46,11.29,11.33,104406472.0,1184087688.01,11.459999999999999,11.55,11.632,11.474357193333335,-0.031605466811493343,0.01180133098324248,-0.08681359558947165,28.3333333333334,15.090590134027584,19.372613807865946,6.526542786350859,11.893702925189297,11.632,11.370297074810702,0.15428571428571441,1059622437.0
2025-12-11,11.35,11.39,11.3,11.37,92526129.0,1049906215.97,11.436,11.516,11.6155,11.471759611833335,-0.04247201946892787,0.000946660892808409,-0.08683736072347256,35.18518518518519,16.120999483291108,18.288742366341,11.785513717191321,11.899788585771581,11.6155,11.33121141422842,0.14500000000000007,1152148566.0
2025-12-12,11.37,11.43,11.3,11.35,119189472.0,1357465371.22,11.4,11.49,11.5955,11.467523021,-0.0520971303034532,-0.009662097346443913,-0.08487006591401858,37.62376237623764,15.292787534315309,17.290090755665773,11.298181091614381,11.895778817802821,11.5955,11.295221182197178,0.14499999999999996,1032959094.0
2025-12-15,11.34,11.54,11.33,11.51,94083253.0,1080642231.19,11.398,11.472,11.5875,11.468074820333333,-0.046280939301405866,-0.016985865737436302,-0.05859014712793913,35.05154639175254,28.081370551332206,20.88718402088792,42.469743612220775,11.887947035353386,11.5875,11.287052964646614,0.14428571428571413,1127042347.0
2025-12-16,11.49,11.55,11.44,11.48,64735136.0,743389002.32,11.408,11.456,11.582,11.469269086166666,-0.04358983878069722,-0.022306660346088487,-0.04256635686921747,38.20224719101127,39.15102122776996,26.975129756515265,63.50280417027935,11.886257508664874,11.582,11.277742491335127,0.13785714285714284,1062307211.0
2025-12-17,11.47,11.58,11.42,11.53,70149533.0,807135164.41,11.447999999999999,11.453999999999999,11.5685,11.471459894833334,-0.03699607240372238,-0.025244542757615267,-0.023503059292214225,40.2173913043477,51.907132431416514,35.28579731481568,85.14980266461816,11.855500825232646,11.5685,11.281499174767355,0.13999999999999993,1132456744.0
2025-12-18,11.51,11.65,11.48,11.64,79046654.0,916247610.59,11.502,11.469,11.558,11.475484036833334,-0.02263347968781737,-0.024722330143655692,0.004177700911676643,51.61290322580652,67.01216236168511,45.86125233043883,109.31398242417768,11.815485819742431,11.558,11.300514180257569,0.14285714285714274,1211503398.0
2025-12-19,11.63,11.65,11.58,11.62,64988619.0,755106127.43,11.556000000000001,11.478,11.5545,11.482928664000001,-0.01271824630996754,-0.022321513376918064,0.019206534133901047,45.97701149425284,75.23033046334554,55.65094504140774,114.38910130722115,11.80627057225308,11.5545,11.302729427746922,0.13571428571428562,1146514779.0
2025-12-22,11.61,11.61,11.51,11.52,74236916.0,857197057.46,11.558,11.478,11.550500000000001,11.4880537865,-0.012782171768234818,-0.020413645055181416,0.015262946573893196,43.478260869565155,71.44984993852663,60.9172466737807,92.51505646801847,11.801768361465777,11.550500000000001,11.299231638534225,0.1335714285714284,1072277863.0
2025-12-23,11.52,11.6,11.5,11.56,66626574.0,770081939.85,11.574,11.491,11.538499999999999,11.494988042166666,-0.009495706850714214,-0.018230057414287976,0.017468701127147525,50.574712643678154,72.39513805425585,64.74321046727242,87.69899322822272,11.760858174787321,11.538499999999999,11.316141825212677,0.12928571428571406,1138904437.0
2025-12-24,11.55,11.58,11.49,11.54,50524356.0,582458734.52,11.576,11.512,11.531,11.499304031500001,-0.008408069586550937,-0.01626565984874057,0.015715180524379264,53.012048192771026,71.12056822664664,66.86899638706383,79.62371190581226,11.741653119706589,11.531,11.320346880293412,0.12714285714285697,1088380081.0
2025-12-25,11.54,11.62,11.52,11.56,54745523.0,633772624.98,11.559999999999999,11.530999999999999,11.5235,11.504932611166668,-0.005864672076604904,-0.014185462294313438,0.016641580435417067,51.85185185185192,71.37204548443111,68.37001275285293,77.37611094758748,11.717328464587183,11.5235,11.329671535412817,0.12428571428571418,1143125604.0
2025-12-26,11.56,11.59,11.53,11.54,43633984.0,504079280.05,11.544,11.55,11.52,11.5112071145,-0.005400589445432757,-0.012428487724537302,0.014055796558209089,51.21951219512193,64.97266800411336,67.23756450327308,60.44287500579392,11.70973665961014,11.52,11.330263340389859,0.11999999999999998,1099491620.0
2025-12-29,11.54,11.62,11.5,11.56,64829542.0,749082977.59,11.552000000000001,11.555,11.5135,11.517814951166667,-0.0033800051680703547,-0.010618791213243913,0.014477572090347116,58.66666666666666,63.60496707520606,66.02669869391741,58.76150383778338,11.686920693235036,11.5135,11.340079306764965,0.12071428571428568,1164321162.0
2025-12-30,11.53,11.56,11.45,11.48,58258433.0,669409275.27,11.536,11.555000000000001,11.5055,11.523579083,-0.008140174122637234,-0.010123067795122577,0.003965787344970686,60.27397260273967,47.40331138347088,59.818902923768576,22.572128302875484,11.66881757890369,11.5055,11.34218242109631,0.11642857142857135,1106062729.0
2025-12-31,11.48,11.49,11.4,11.41,59062037.0,675457357.45,11.51,11.543000000000001,11.4985,11.528666176666666,-0.01736093129077254,-0.01157064049425257,-0.011580581593039943,52.63157894736845,32.9355409223139,50.85778225661702,-2.908941746292342,11.6657407656172,11.4985,11.3312592343828,0.11642857142857135,1047000692.0
2026-01-05,11.42,11.51,11.41,11.5,87549118.0,1003479224.05,11.498,11.529,11.498999999999999,11.534274013333334,-0.017207838686994492,-0.012698080132800955,-0.009019517108387075,59.0361445783132,37.10854243305778,46.27470231543061,18.776222668312116,11.666193553136901,11.498999999999999,11.331806446863096,0.11428571428571425,1134549810.0
2026-01-06,11.5,11.68,11.48,11.67,130464842.0,1512911583.88,11.524,11.534,11.506,11.542225554833331,-0.003330540052274955,-0.010824572116695757,0.014988064128841603,59.523809523809454,56.88188543156235,49.81043002080786,71.02479625307134,11.689578464509307,11.506,11.322421535490694,0.11357142857142856,1265014652.0
2026-01-07,11.66,11.82,11.62,11.64,96623624.0,1131165699.04,11.540000000000001,11.546000000000001,11.511999999999999,11.550166724833334,0.005186779847317524,-0.0076223017238931014,0.02561816314242125,59.523809523809454,56.968876001993976,52.196578681203235,66.51347064357546,11.705102100073113,11.511999999999999,11.318897899926885,0.11999999999999998,1168391028.0
2026-01-08,11.64,11.65,11.49,11.51,110008511.0,1268647294.7,11.546000000000001,11.541,11.516000000000002,11.553166666666668,0.0014304147561450264,-0.005811758427885476,0.014484346368061006,48.9130434782609,46.709409398154676,50.36752225352039,39.39318368742326,11.705225568540536,11.516000000000002,11.326774431459468,0.11999999999999998,1058382517.0
2026-01-09,11.53,11.53,11.44,11.46,98339004.0,1128076547.08,11.556000000000001,11.533000000000001,11.522499999999999,11.554166666666667,-0.005517511338146264,-0.0057529090099376345,0.00047079534358274167,39.534883720930324,35.90151102734126,45.545518511460685,16.613496059102403,11.692809316121897,11.522499999999999,11.352190683878101,0.11428571428571425,960043513.0
2026-01-12,11.45,11.49,11.42,11.48,85521298.0,979700148.21,11.552000000000001,11.525,11.528,11.553166666666666,-0.00930272396087517,-0.006462872000125142,-0.005679703921500056,41.86046511627918,30.28354703410053,40.45819468567397,9.934251730953633,11.684083648288896,11.528,11.371916351711105,0.11428571428571425,1045564811.0
2026-01-13,11.48,11.54,11.44,11.47,106154122.0,1219755568.52,11.512,11.518,11.534,11.554333333333334,-0.012960053235538282,-0.007762308247207771,-0.010395489976661024,46.75324675324684,25.7445869116226,35.55365876099019,6.126443212887423,11.669086716788309,11.534,11.398913283211693,0.11357142857142856,939410689.0
2026-01-14,11.47,11.47,11.35,11.36,127475714.0,1454416591.07,11.456,11.498000000000001,11.5265,11.553333333333335,-0.02445271801499871,-0.011100390200765958,-0.026704655628465503,38.0952380952381,17.872277799237747,29.65986510707271,-5.702896816432187,11.682269735591769,11.5265,11.370730264408232,0.11500000000000009,811934975.0
2026-01-15,11.33,11.37,11.3,11.31,88495977.0,1002514946.79,11.416,11.481,11.517999999999999,11.551333333333332,-0.037166883092751846,-0.016313688779163137,-0.04170638862717742,36.78160919540241,12.555877507184126,23.95853590710985,-10.249439292667326,11.700681776811376,11.517999999999999,11.335318223188622,0.11357142857142856,723438998.0
2026-01-16,11.34,11.34,11.16,11.19,111947254.0,1257713579.29,11.362,11.459,11.501,11.545833333333333,-0.05627721888765613,-0.024306394800861737,-0.0639416481735888,30.927835051546396,9.885736519940902,19.267602778053536,-8.877995996284366,11.735040032563067,11.501,11.266959967436932,0.11928571428571429,611491744.0
2026-01-19,11.15,11.21,11.11,11.12,80474131.0,896712443.28,11.290000000000001,11.421,11.475,11.537333333333333,-0.07619241395332033,-0.03468359863135346,-0.08301763064393373,29.41176470588239,7.059974581369042,15.198393379158706,-9.216863014210283,11.75503759146157,11.475,11.19496240853843,0.1221428571428572,531017613.0
2026-01-20,11.12,11.2,11.11,11.16,77227609.0,861694177.62,11.228,11.37,11.452,11.530666666666667,-0.08773631420187833,-0.045294141745458434,-0.08488434491283979,30.769230769230774,7.793069473999154,12.729952077438856,-2.080695732880251,11.756395864139582,11.452,11.147604135860417,0.1200000000000001,608245222.0
2026-01-21,11.15,11.18,11.06,11.07,90012491.0,1001045287.81,11.17,11.312999999999999,11.429499999999999,11.523166666666667,-0.10296032363648422,-0.05682737812366359,-0.09226589102564126,30.47619047619048,5.889824093777201,10.449909416218306,-3.230346551105008,11.776303448049424,11.429499999999999,11.082696551950574,0.12071428571428568,518232731.0
2026-01-22,11.07,11.15,11.05,11.07,78863462.0,873985784.71,11.122,11.269,11.405,11.5165,-0.11371462933440668,-0.06820482836581221,-0.09101960193718894,32.65306122448982,5.287093613538518,8.728970815325045,-1.5966607900345355,11.780989921477499,11.405,11.0290100785225,0.12142857142857137,518232731.0
2026-01-23,11.07,11.09,10.98,10.99,110999429.0,1224886435.95,11.082,11.222,11.3775,11.509833333333335,-0.12722624058680232,-0.08000911081001023,-0.09443425955358417,23.711340206185596,4.11996717093043,7.192636267193508,-2.025371021595726,11.79054389979507,11.3775,10.964456100204929,0.12214285714285708,407233302.0
2026-01-26,10.98,11.06,10.92,10.96,110624665.0,1214803430.68,11.05,11.17,11.3475,11.502833333333335,-0.1387555515043566,-0.09175839894887951,-0.09399430511095416,7.228915662650664,5.170887204862764,6.5187199130832605,2.47522178842177,11.790783205186061,11.3475,10.904216794813939,0.11785714285714288,296608637.0
2026-01-27,10.96,11.03,10.93,10.94,89409121.0,981119837.75,11.006,11.116999999999999,11.317499999999999,11.4965,-0.1478026691576595,-0.10296725299063551,-0.08967083233404796,7.317073170731746,4.928739618056628,5.988726481407717,2.808765891354451,11.786401291374487,11.317499999999999,10.848598708625511,0.11071428571428564,207199516.0
2026-01-28,10.94,10.99,10.82,10.84,143876603.0,1570012850.06,10.959999999999999,11.065,11.2815,11.486666666666668,-0.161183713824407,-0.1146105451573898,-0.09314633733403438,7.5949367088608,4.567877694089008,5.515110218968148,2.6734126443307282,11.78153263051423,11.2815,10.78146736948577,0.11142857142857134,63322913.0
2026-01-29,10.84,10.98,10.66,10.96,185299383.0,2001845207.96,10.937999999999999,11.030000000000001,11.255500000000001,11.476166666666668,-0.16025793726616655,-0.12374002357914515,-0.0730358273740428,20.930232558139636,21.22706997787754,10.752430138604613,42.1763496564234,11.766040477285989,11.255500000000001,10.744959522714014,0.1278571428571428,248622296.0
2026-01-30,10.94,11.03,10.83,10.83,109175497.0,1191181198.25,10.906,10.994,11.2265,11.464666666666666,-0.16807668284285704,-0.13260735543188754,-0.070938654821939,16.49484536082487,24.645207145745534,15.383355807651586,43.16890982193343,11.765203121052418,11.2265,10.687796878947582,0.137142857142857,139446799.0
2026-02-02,10.82,11.03,10.8,10.86,122317302.0,1337643444.96,10.886,10.968,11.194500000000001,11.453833333333334,-0.16989391447311064,-0.14006466724013217,-0.059658494465956946,19.191919191919254,29.250650917676477,20.005787510993216,47.740377731043,11.740778317343862,11.194500000000001,10.64822168265614,0.1464285714285712,261764101.0
2026-02-03,10.89,10.9,10.77,10.84,80662816.0,872562155.41,10.866,10.936000000000002,11.153,11.442,-0.17097700005837524,-0.1462471338037808,-0.04945973250918889,21.1111111111112,31.745331904301302,23.918968975429244,47.39805776204541,11.672639551187107,11.153,10.633360448812894,0.14714285714285694,181101285.0
2026-02-04,10.85,10.98,10.84,10.97,69541547.0,760107689.09,10.892,10.926,11.1195,11.431000000000001,-0.1595067451743688,-0.1488990560778984,-0.02121537819294078,32.653061224489875,45.194562354805576,31.010833435221357,73.562020193974,11.59111424914865,11.1195,10.647885750851351,0.15214285714285708,250642832.0
2026-02-05,10.98,11.11,10.96,11.09,117759109.0,1301134141.58,10.918000000000001,10.928,11.0985,11.421333333333333,-0.13912968798405778,-0.1469451824591303,0.01563098895014503,44.8979591836735,61.98156008838893,41.33440898627722,103.27586229261236,11.532830701073252,11.0985,10.664169298926748,0.14999999999999986,368401941.0
2026-02-06,11.08,11.14,10.99,11.05,72770959.0,803862240.92,10.962,10.934000000000001,11.078,11.410833333333333,-0.12477011681804306,-0.14251016933091284,0.03548010502573956,46.31578947368429,68.4043733922593,50.357730454937915,104.49765926690209,11.47782101258602,11.078,10.678178987413979,0.15357142857142833,295630982.0
2026-02-09,11.05,11.11,11.01,11.07,61971670.0,685218214.66,11.004,10.945,11.057500000000001,11.400333333333332,-0.11050241727979149,-0.13610861892068857,0.05121240328179416,45.16129032258065,74.07513781706174,58.2635329089792,105.69834763322683,11.409748417126991,11.057500000000001,10.70525158287301,0.15428571428571405,357602652.0
2026-02-10,11.07,11.1,11.02,11.06,60042999.0,664140162.34,11.048,10.956999999999999,11.037,11.388833333333334,-0.09886245419677486,-0.12865938597590584,0.05959386355826196,49.41176470588236,77.16120298915229,64.5627562690369,102.35809642938307,11.331089137937262,11.037,10.74291086206274,0.15142857142857125,297559653.0
2026-02-11,11.06,11.09,11.02,11.07,43104098.0,476801864.09,11.068,10.98,11.0225,11.378833333333331,-0.0878184665482955,-0.12049120209038378,0.06534547108417654,50.0,78.4678290197952,69.19778051928967,97.00792602080628,11.27522202328385,11.0225,10.769777976716151,0.14928571428571416,340663751.0
2026-02-12,11.07,11.08,10.93,10.96,68134024.0,748338546.8,11.042,10.98,11.005,11.368333333333334,-0.08693991820207003,-0.11378094531272104,0.05368205422130201,48.31460674157306,69.42900313031399,69.27485472296445,69.73729994501306,11.219476105895396,11.005,10.790523894104606,0.15214285714285708,272529727.0
2026-02-13,10.96,10.99,10.9,10.91,55504736.0,607501376.05,11.014,10.988,10.991000000000001,11.353499999999999,-0.08924943253819251,-0.10887464275781533,0.03925042043924565,47.25274725274721,58.898614699488625,65.8161080484725,45.06362800152087,11.190673417570453,10.991000000000001,10.79132658242955,0.14857142857142844,217024991.0
2026-02-24,10.93,10.95,10.88,10.91,60251240.0,657487700.23,10.982,10.993,10.980500000000001,11.337833333333332,-0.09004179354184316,-0.1051080729146209,0.030132558745555482,48.31460674157306,47.04352091077021,59.55857900257174,22.013404727167156,11.1735884716776,10.980500000000001,10.787411528322401,0.1464285714285712,217024991.0
2026-02-25,10.91,10.95,10.78,10.86,106313487.0,1156693737.43,10.942,10.995000000000001,10.9655,11.324000000000002,-0.09362507588325819,-0.10281147350834836,0.018372795250180346,51.19047619047617,38.7697546812542,52.6289708954659,11.0513222528308,11.146080933889118,10.9655,10.784919066110882,0.1464285714285712,110711504.0
2026-02-26,10.86,10.91,10.8,10.87,71273019.0,772947726.7,10.902000000000001,10.985,10.9555,11.311833333333334,-0.09456781759367416,-0.10116274232541353,0.013189849463478731,43.83561643835604,34.17983645416943,46.47925941503375,9.580990532440794,11.133852105914865,10.9555,10.777147894085136,0.13142857142857117,181984523.0
2026-02-27,10.86,10.92,10.84,10.9,61222796.0,666177345.8,10.89,10.966,10.947,11.296833333333334,-0.09183557457370206,-0.09929730877507124,0.014923468402738366,55.55555555555559,34.90776975732518,42.62209619579757,19.47911688038039,11.118445863789661,10.947,10.775554136210337,0.12285714285714265,243207319.0
2026-03-02,10.85,10.89,10.77,10.85,83887355.0,908747811.55,10.878,10.946,10.940000000000001,11.282833333333334,-0.09263697306718832,-0.09796524163349467,0.010656537132612692,49.23076923076925,31.35265458569154,38.86561565909556,16.326732438883496,11.115439298244377,10.940000000000001,10.764560701755626,0.11571428571428566,159319964.0
2026-03-03,10.85,10.95,10.8,10.88,102869483.0,1119402076.0,10.872,10.927000000000001,10.936,11.269000000000002,-0.08981599498581971,-0.09633539230395968,0.013038794636279938,53.03030303030309,32.36010305712781,36.69711145843965,23.68608625450412,11.113158864181145,10.936,10.758841135818855,0.11714285714285692,262189447.0
2026-03-04,10.84,10.84,10.67,10.71,108971396.0,1167995855.73,10.842,10.892,10.9245,11.254,-0.10014353643220097,-0.09709702112960795,-0.0060930306051860395,31.428571428571473,24.825434558410485,32.7398858250966,8.996532025038263,11.128406583358414,10.9245,10.720593416641586,0.12214285714285696,153218051.0
2026-03-05,10.72,10.84,10.7,10.81,71264118.0,768553597.53,10.830000000000002,10.866,10.923,11.239333333333333,-0.09911647019865732,-0.09750091094341784,-0.0032311185104789697,29.411764705882447,31.13362303894037,32.20446489637786,28.9919393240654,11.129942656690094,10.923,10.716057343309906,0.12142857142857137,224482169.0
2026-03-06,10.78,10.84,10.77,10.82,47657680.0,514733549.73,10.814,10.852,10.916,11.225666666666665,-0.09638453545501235,-0.09727763584573676,0.0017862007814488101,32.307692307692335,38.612891549769856,34.34060711417519,47.15746042095918,11.127102369779157,10.916,10.704897630220843,0.11571428571428566,272139849.0
2026-03-09,10.79,10.82,10.74,10.76,83589238.0,900716851.39,10.796,10.837,10.912500000000001,11.2125,-0.09793205626320933,-0.09740851992923127,-0.001047072667956117,27.53623188405804,36.45621341413229,35.0458092141609,39.277021814075084,11.131769120873146,10.912500000000001,10.693230879126856,0.11428571428571425,188550611.0
2026-03-10,10.77,10.81,10.73,10.81,79011168.0,850573535.93,10.782,10.827,10.91,11.201166666666667,-0.09403986252304364,-0.09673478844799374,0.005389851849900207,32.87671232876721,40.97080894275497,37.02080912369226,48.87080858088039,11.132899552548624,10.91,10.687100447451376,0.11428571428571425,267561779.0
2026-03-11,10.79,10.9,10.77,10.89,72053464.0,781041008.86,10.818000000000001,10.83,10.9125,11.190499999999998,-0.0835369772562693,-0.09409522620964886,0.021116497906759124,38.75000000000008,53.50434881897964,42.51532235545473,75.48240174602947,11.133204613263633,10.9125,10.691795386736366,0.11857142857142858,339615243.0
2026-03-12,10.87,10.96,10.85,10.94,75490558.0,824171953.5,10.844,10.837,10.911,11.180833333333334,-0.07036762865972257,-0.0893497066996636,0.03796415607988207,48.64864864864856,66.7040486379403,50.578231116283256,98.9556836812544,11.130463460572315,10.911,10.691536539427684,0.11571428571428578,415105801.0
2026-03-13,10.93,11.0,10.87,10.93,84193915.0,920839355.51,10.866,10.84,10.903,11.172500000000001,-0.060045573449780676,-0.08348888004968702,0.04688661319981269,51.428571428571395,70.7319920212531,57.296151417939875,97.60367322787955,11.106040053087948,10.903,10.699959946912053,0.1185714285714287,330911886.0
2026-03-16,10.93,10.97,10.88,10.92,71560301.0,782089440.63,10.898,10.847,10.8965,11.165666666666665,-0.05207193391549936,-0.0772054908228495,0.05026711381470028,50.70422535211265,72.40718660002733,62.333163145302365,92.55523350947726,11.087703941822555,10.8965,10.705296058177444,0.12000000000000023,259351585.0
2026-03-17,10.91,11.07,10.9,11.03,107665681.0,1187565491.59,10.942,10.861999999999998,10.894499999999999,11.16,-0.03645643930698128,-0.06905568051967585,0.06519848242538914,61.03896103896101,78.00118746308121,67.55583791789532,98.89188655345299,11.078773823711686,10.894499999999999,10.710226176288312,0.12000000000000023,367017266.0
2026-03-18,11.04,11.04,10.91,10.96,79107940.0,867711250.46,10.956,10.887,10.8895,11.1535,-0.029390665020457618,-0.06112267741983221,0.06346402479874919,55.42168674698805,74.54981124989733,69.887162361896,83.87510902589997,11.05975986330517,10.8895,10.71924013669483,0.12142857142857164,287909326.0
2026-03-19,10.92,10.97,10.86,10.88,62421195.0,681086518.72,10.943999999999999,10.894,10.879999999999999,11.142999999999999,-0.029901632003717538,-0.05487846833660928,0.04995367266578349,48.86363636363639,64.40575651953944,68.06002708111049,57.09721539639733,11.02754125203717,10.879999999999999,10.732458747962829,0.12357142857142886,225488131.0
2026-03-20,10.87,10.94,10.76,10.77,83408256.0,903819004.16,10.912,10.889000000000001,10.8705,11.131166666666667,-0.038736131697111986,-0.051650001008709825,0.02582773862319568,45.74468085106382,46.85873964047719,60.992931267566064,18.590356386299447,11.02079444784388,10.8705,10.72020555215612,0.12714285714285736,142079875.0
2026-03-23,10.68,10.68,10.43,10.45,158008833.0,1666328347.8,10.818000000000001,10.858,10.8475,11.113166666666666,-0.07074337639481776,-0.055468676085931416,-0.030549400617772685,32.52032520325196,32.280826426984774,51.42222965403897,-6.001980027123622,11.08678621927915,10.8475,10.60821378072085,0.140714285714286,-15928958.0
2026-03-24,10.52,10.89,10.52,10.88,162225127.0,1744746707.7,10.788,10.865,10.846,11.1005,-0.060712090885672865,-0.056517359045879706,-0.008389463679586318,55.70469798657717,44.958050951323216,49.26750341980039,36.33914601436885,11.084009287744616,10.846,10.607990712255384,0.15714285714285747,146296169.0
2026-03-25,10.89,10.95,10.79,10.94,74477991.0,809739890.44,10.784,10.870000000000001,10.85,11.089166666666667,-0.04737462114619184,-0.054688811465942136,0.014628380639500588,54.48275862068962,56.53453396754878,51.689846935716524,66.2239080312133,11.09166091947203,10.85,10.60833908052797,0.15857142857142886,220774160.0
2026-03-26,10.91,11.05,10.9,10.94,82766409.0,909199430.74,10.796000000000001,10.870000000000001,10.8535,11.0795,-0.036385154870004044,-0.05102808014675452,0.029285850553500956,54.16666666666664,64.25218931169915,55.87729439437741,81.00197914634263,11.098386654769666,10.8535,10.608613345230335,0.1642857142857146,220774160.0
2026-03-27,10.91,11.05,10.83,11.02,88412862.0,972821270.14,10.846,10.879,10.8595,11.070500000000001,-0.020978762147976227,-0.04501821654699886,0.04807890879804527,58.9041095890411,73.56395954113275,61.772849443295854,97.14617973680652,11.114840845476174,10.8595,10.604159154523828,0.17428571428571463,309187022.0
2026-03-30,10.98,11.05,10.94,10.99,63252210.0,696208267.35,10.954,10.886000000000001,10.8665,11.061333333333332,-0.011062314720200916,-0.03822703618163928,0.054329442922876725,56.25,79.15016657580891,67.56528848746689,102.31992275249297,11.128337635508126,10.8665,10.604662364491874,0.17642857142857185,245934812.0
2026-03-31,11.0,11.18,10.99,11.08,116456534.0,1294675716.15,10.994,10.891000000000002,10.8765,11.053333333333335,0.004012535141677986,-0.029779121916975827,0.06758331411730763,56.55172413793103,81.65566660609485,72.26208119367621,100.44283743093214,11.155239644603613,10.8765,10.597760355396387,0.18071428571428605,362391346.0
2026-04-01,11.09,11.23,11.08,11.15,91892539.0,1025538832.67,11.036000000000001,10.91,10.8985,11.046833333333334,0.021361633635837762,-0.01955097080641311,0.08182520888450175,57.14285714285718,84.43711107072991,76.32042448602745,100.67048424013484,11.19102260371512,10.8985,10.60597739628488,0.18357142857142886,454283885.0
2026-04-02,11.15,11.32,11.13,11.27,114889522.0,1292756711.67,11.102,10.949000000000002,10.9215,11.042,0.044283444323445664,-0.006784087780441357,0.10213506420777405,60.75949367088608,87.75208153778996,80.13097683661496,102.99429094013993,11.254288853558366,10.9215,10.588711146441634,0.18785714285714303,569173407.0
2026-04-03,11.28,11.28,11.09,11.12,75775733.0,845283641.29,11.122,10.983999999999998,10.9365,11.036,0.049771661308625426,0.004527062037372,0.09048919854250685,55.81395348837207,83.50138769185995,81.25444712169663,87.99526883218658,11.276981083793377,10.9365,10.596018916206624,0.19500000000000015,493397674.0
2026-04-07,11.12,11.14,10.97,11.03,60795521.0,671322754.77,11.129999999999999,11.042,10.95,11.029666666666666,0.046324860812017477,0.012886621792301095,0.06687647803943277,50.0,70.7619314172148,77.75694188686936,56.77191047790569,11.282328309451986,10.95,10.617671690548013,0.19500000000000015,432602153.0
2026-04-08,11.11,11.22,11.05,11.22,81297589.0,906308305.45,11.158,11.075999999999999,10.9705,11.025,0.05825315260741348,0.021959927955323574,0.07258644930417982,57.14285714285714,73.70523318970785,76.40637232114887,68.30295492682583,11.31675667388598,10.9705,10.62424332611402,0.1992857142857146,513899742.0
2026-04-09,11.17,11.22,11.06,11.1,60236493.0,669239285.37,11.148,11.091999999999999,10.981,11.015500000000001,0.057362177203723164,0.029040377805003494,0.05664359879743934,55.91397849462362,67.50416906524737,73.43897123584837,55.63456472404536,11.329705878174915,10.981,10.632294121825085,0.2028571428571431,453663249.0
2026-04-10,11.1,11.13,11.07,11.09,48104693.0,534088990.51,11.112,11.107,10.9885,11.006333333333334,0.055212698728423604,0.03427484198968752,0.04187571347747217,59.09090909090909,58.16067411367369,68.3462055284568,37.78961128410748,11.339934653654883,10.9885,10.637065346345118,0.1942857142857146,405558556.0
2026-04-13,11.05,11.09,11.03,11.07,40610413.0,449056813.73,11.102,11.112,10.9955,10.998999999999999,0.0513039882565689,0.0376806712430638,0.027246634027010205,71.23287671232879,48.29759226625863,61.663334441057415,21.566107916661082,11.347604948469764,10.9955,10.643395051530236,0.17428571428571463,364948143.0
2026-04-14,11.07,11.17,11.07,11.17,49615109.0,551741632.58,11.129999999999999,11.129999999999999,11.008,10.994166666666668,0.055634155399626906,0.041271368074376424,0.028725574650500962,62.831858407079615,51.24601389179142,58.19089425796876,37.35625315943675,11.366511542793033,11.008,10.649488457206965,0.15000000000000022,414563252.0
2026-04-15,11.16,11.22,11.15,11.21,50393793.0,564031568.33,11.128,11.142999999999999,11.017,10.989666666666666,0.06158361221655717,0.045333816902812574,0.032499590627489194,62.162162162162204,57.02115211833719,57.80098021142491,55.46149593216175,11.38669973591672,11.017,10.64730026408328,0.14357142857142882,464957045.0
2026-04-16,11.2,11.23,11.07,11.09,68091460.0,758006903.42,11.126000000000001,11.137,11.0235,10.983333333333333,0.05597041043818152,0.047461135609886365,0.017018549656590304,56.09756097560975,50.91732721867638,55.50642921384207,41.739123228344994,11.393551205560653,11.0235,10.653448794439347,0.14428571428571452,396865585.0
2026-04-17,11.09,11.11,10.99,11.01,72253042.0,797678405.53,11.110000000000001,11.110999999999999,11.03,10.9775,0.044552996960103286,0.046879507879929755,-0.004653021839652938,49.593495934959364,39.07308994065595,50.028649456113364,17.161970909741115,11.393954884422213,11.03,10.666045115577786,0.13714285714285726,324612543.0
2026-04-20,11.01,11.07,10.96,11.06,63003366.0,695097193.51,11.108,11.105,11.0445,10.973333333333334,0.039088607517618,0.04532132780746741,-0.012465440579698811,52.800000000000004,38.394405639449616,46.15056818389212,22.88208055056461,11.387334930358229,11.0445,10.70166506964177,0.13714285714285715,387615909.0
2026-04-21,11.04,11.16,11.03,11.08,80694634.0,896659539.18,11.09,11.11,11.076,10.971499999999999,0.03595737809666666,0.04344853786530726,-0.0149823195372812,50.0,40.411085241114485,44.237407202966246,32.75844131741097,11.274032426903545,11.076,10.877967573096456,0.13285714285714295,468310543.0
2026-04-22,11.08,11.09,10.95,10.98,83905399.0,923203009.35,11.044,11.086,11.081,10.969166666666666,0.02511715700507544,0.0397822616932609,-0.029330209376370917,42.97520661157027,30.51215206550502,39.66232215714584,12.211811882223387,11.262560487238716,11.081,10.899439512761283,0.13214285714285726,384405144.0
2026-04-23,10.98,11.03,10.93,11.0,64806661.0,711757543.31,11.026,11.075999999999999,11.084,10.9665,0.017933312480268526,0.03541247185066242,-0.034958318740787794,37.83783783783789,28.11921248811447,35.81461893413538,12.728399596072649,11.257557210346334,11.084,10.910442789653665,0.12571428571428583,449211805.0
2026-04-24,10.98,11.03,10.92,11.0,58271012.0,639781173.32,11.024000000000001,11.067,11.087,10.965333333333332,0.012100576029432375,0.030750092686416416,-0.03729903331396808,43.75000000000005,27.348292196377386,32.992510021549386,16.059856546033387,11.25193698956377,11.087,10.92206301043623,0.1200000000000001,449211805.0
