日期,开盘,收盘,最高,最低,成交量,MA5,MA10,MA20,MA60,DIF,DEA,MACD,RSI,K,D,J,upper,middle,lower,ATR,OBV
2025-08-17 12:41:30.875766,10.09097305613264,10.0,10.09097305613264,9.85249975037805,807710,,,,,0.0,0.0,0.0,,,,,,,,,0.0
2025-08-18 12:41:30.875766,10.147394881003322,10.099342830602247,10.286501352384235,10.008000750218342,180469,,,,,0.00792478420758691,0.001584956841517382,0.012679654732139056,,,,,,,,,180469.0
2025-08-19 12:41:30.875765,10.08236370370408,10.071415259027017,10.170541409893758,10.02617349020684,475822,,,,,0.01181550932482267,0.00363106733817844,0.01636888397328846,,,,,,,,,-295353.0
2025-08-20 12:41:30.875765,10.224673292146516,10.2018780635415,10.254569618741897,10.109563408047231,891206,,,,,0.025136437804441414,0.007932141431431035,0.03440859274602076,,,,,,,,,595853.0
2025-08-21 12:41:30.875764,10.495729059866477,10.512633361185655,10.609167878552526,10.483017796953618,950258,10.177053902871283,,,,0.06007620394322544,0.018360953933789916,0.08343050001887103,,,,,,,,,1546111.0
2025-08-22 12:41:30.875764,10.410610148283226,10.46340198961064,10.668491485573146,10.410610148283226,520661,10.269734300793411,,,,0.08283874658793344,0.03125651246461862,0.10316446824662964,,,,,,,,,1025450.0
2025-08-23 12:41:30.875763,10.384405431605517,10.41440460758697,10.517011090544171,10.310600535013153,652070,10.332746656190356,,,,0.09581999315283518,0.044169208602261936,0.10330156910114649,,,,,,,,,373380.0
2025-08-24 12:41:30.875763,10.798738379184613,10.743335832030581,10.813973611123371,10.653322696178346,250330,10.46713077079107,,,,0.13113804761766978,0.06156297640534351,0.13915014242465257,,,,,,,,,623710.0
2025-08-25 12:41:30.875762,10.802289842663306,10.908232012519644,11.046417682035944,10.708644985628576,992051,10.6084015605867,,,,0.1704685485893318,0.08334409084214117,0.17424891549438126,,88.42586530847953,88.42586530847953,88.42586530847956,,,,,1615761.0
2025-08-26 12:41:30.875762,10.722836385355276,10.80580930200537,10.857708657229956,10.722836385355276,308504,10.667036748750641,10.422045325810963,,,0.19116990949659574,0.10490925457303209,0.1725213098471273,,84.56034649188143,87.13735903628017,79.40632140308395,,,,,1307257.0
2025-08-27 12:41:30.875761,10.823884453493793,10.923065309322922,10.939638511073191,10.79622921996454,948458,10.758969412693096,10.514351856743255,,,0.21456410555472338,0.12684022476937035,0.17544776157070607,,85.6767392050428,86.65048575920105,83.72924609672629,,,,,2255715.0
2025-08-28 12:41:30.875761,10.722423410717266,10.821826474841197,10.849720754574053,10.684981386639112,684681,10.840453786143943,10.58660022116715,,,0.22237168426776677,0.14594651666904962,0.1528503351974343,,82.46019035026933,85.25372062289048,76.87312980502702,,,,,1571034.0
2025-08-29 12:41:30.875760,10.79724358331137,10.72102554329504,10.79724358331137,10.718217823223858,646963,10.835991728396834,10.651561249593952,,,0.21791348291655055,0.1603399099185498,0.11514714599600151,,73.56616857790337,81.35786994122812,57.98276585125387,,,,,924071.0
2025-08-30 12:41:30.875760,10.81678696163749,10.772907217174502,10.81678696163749,10.629942686297227,561419,10.808926769327806,10.708664164957252,,,0.21607595461277285,0.17148711885739443,0.08917767151075684,73.64867566901373,69.98711813209522,77.56761933818382,54.82611571991802,,,,0.23705443665934212,1485490.0
2025-08-31 12:41:30.875759,10.355323874575326,10.360675406051474,10.389442271518682,10.323783948784675,307602,10.719899990137026,10.693468369443833,,,0.1792893027226441,0.17304755563044438,0.012483494184399424,58.812537253873394,48.926525983362524,68.02058821991005,10.738401510267465,,,,0.2521008625618591,1177888.0
2025-09-01 12:41:30.875758,9.922789829098173,10.003249130755925,10.131465725433449,9.810972614399493,258875,10.535936754423627,10.647453083558364,,,0.1199120315290525,0.162420450810166,-0.08501683856222703,47.91504958516184,37.80546398801642,57.948880142612175,-2.4813683211750828,,,,0.2709009653666981,919013.0
2025-09-02 12:41:30.875758,9.889096579477037,9.890755085993632,9.926733713389869,9.861347353381197,298437,10.349722476654113,10.595088131399029,,,0.0630509746695136,0.14254655558203555,-0.15899116182504391,46.218958448517995,27.35623996103475,47.75133341541971,-13.433946947735166,,,,0.2707248123443989,620576.0
2025-09-03 12:41:30.875757,9.685260410898755,9.690401794899625,9.757394892154817,9.610044307844165,267794,10.143597726975033,10.489794727685933,,,0.0018005852516118637,0.11439736151595083,-0.22519355252867793,39.59956230498773,20.252080085294853,38.58491563871143,-16.413591021538295,,,,0.2776931279468694,352782.0
2025-09-04 12:41:30.875757,9.687571285455153,9.751305453216098,9.926202607454048,9.687571285455153,801626,9.939277374183352,10.374102071755578,,,-0.04134971958619005,0.08324794529552265,-0.2491953297634254,32.768099372452426,17.042846842937493,31.40422604012012,-11.679911551427757,,,,0.2656460927317172,1154408.0
2025-09-05 12:41:30.875756,9.561550677475465,9.574217050830468,9.664973283183356,9.383331241639322,415112,9.781985703139151,10.250942846638088,10.336494086224524,,-0.08881242676239509,0.0488358708839391,-0.27529659529266837,30.975300500971827,15.701031699949976,26.169827926730072,-5.23656075361022,11.206209204285479,10.336494086224524,9.46677896816357,0.27350986946649264,739296.0
2025-09-06 12:41:30.875756,9.28489720871633,9.303783007264961,9.427999254145364,9.2103367391959,152058,9.642092478440958,10.08901461643229,10.301683236587774,,-0.1465592871220558,0.009756839282740123,-0.31263225280959184,28.294258905948197,12.406334933496352,21.581996928985504,-5.944989057481955,11.277382589955025,10.301683236587774,9.325983883220523,0.28475770918817467,587238.0
2025-09-07 12:41:30.875755,9.59869334935063,9.576504569483186,9.60950901016269,9.462470422703841,972192,9.579242375138868,9.964482425896492,10.27554132353182,,-0.1683767962625371,-0.025869887826315323,-0.28501381687244354,26.683421662159773,15.868756464318722,19.677583440763243,8.251102511429679,11.300824165198936,10.27554132353182,9.250258481864705,0.27805463771398375,1559430.0
2025-09-08 12:41:30.875755,9.559019276339658,9.533261614017379,9.569924444453493,9.520472461875567,895407,9.547814338962418,9.845706032968724,10.248633641281339,,-0.18700104293383113,-0.05809611884781849,-0.2578098481720253,21.120088379748594,19.708262646950708,19.687809842825732,19.749168255200658,11.323519637723019,10.248633641281339,9.17374764483966,0.25793030994257304,664023.0
2025-09-09 12:41:30.875754,9.459325091484573,9.546136894849678,9.553939642961335,9.402952388526549,934977,9.506780627289135,9.723029000736243,10.215846582846748,,-0.1984345352402883,-0.08616380212631246,-0.2245414662279517,22.507626045692902,25.290601929638466,21.555407205096643,32.76099137872211,11.33579679988667,10.215846582846748,9.095896365806825,0.2554725690333172,1599000.0
2025-09-10 12:41:30.875754,9.250862916978868,9.27412007032403,9.30545455150441,9.235186276848008,995417,9.446761231187846,9.6143734671635,10.153920918303665,,-0.22683038518340126,-0.11429711873773021,-0.2250665328913421,16.289022088237303,19.828184672161477,20.979666360784922,17.525221294914587,11.339797542319245,10.153920918303665,8.968044294288086,0.2674398066685328,603583.0
2025-09-11 12:41:30.875753,9.19623728459229,9.173146655294895,9.224257656028664,9.008386981265769,256505,9.420633960793833,9.531363219617393,10.089408151587879,,-0.25454774362909305,-0.14234724371600277,-0.22440099982618056,16.290790038362218,19.20255054732882,20.38729442296622,16.833062796054016,11.342853313420939,10.089408151587879,8.835962989754819,0.26941474712385066,347078.0
2025-09-12 12:41:30.875753,9.194073502617611,9.193496838950768,9.226043745503958,9.155777826224472,456617,9.34403241468735,9.461637394913108,10.02836276315607,,-0.2717394172920109,-0.1682256784312044,-0.207027477721613,17.70543439913054,19.52454143823475,20.099710094722397,18.374204125259453,11.333038263840251,10.02836276315607,8.723687262471888,0.26703312338543256,803695.0
2025-09-13 12:41:30.875752,9.045902586078236,8.981863722637076,9.045902586078236,8.94760910022545,782414,9.23375283641129,9.390783587686855,9.940289157686394,,-0.29899434562511296,-0.19437941186998614,-0.20922986751025363,14.530208187330516,14.608050053678953,18.269156747707918,7.2858366656210265,11.279116674810318,9.940289157686394,8.60146164056247,0.27125051362722225,21281.0
2025-09-14 12:41:30.875752,9.078074584785199,9.049353090669989,9.078074584785199,9.042738073675906,726418,9.13439607557535,9.320588351432242,9.847345211593911,,-0.3115568117338885,-0.21781489184276662,-0.18748383978224376,19.92383351383205,14.86253567503374,17.13361639014986,10.3203742448015,11.161099413219489,9.847345211593911,8.533591009968333,0.2460424846099576,747699.0
2025-09-15 12:41:30.875751,8.880373584640605,8.940645258970134,9.023038449127052,8.85623359707585,238506,9.067701113304572,9.25723117224621,9.754087009442149,,-0.3265205445560362,-0.23955602238542056,-0.17392904434123124,22.489704156747607,13.643673594911242,15.970302125070322,8.99041653459308,11.045986674112271,9.754087009442149,8.462187344772026,0.22057224903439746,509193.0
2025-09-16 12:41:30.875751,8.812146773012005,8.888486652146925,8.92516654218568,8.788074994675158,834249,9.010769112674978,9.215701536734406,9.652358076583349,,-0.3386840355501022,-0.2593816250183569,-0.1586048210634906,23.21496523177862,13.376728363900607,15.10577753801375,9.918630015674317,10.875258057803647,9.652358076583349,8.429458095363051,0.22133428381441508,-325056.0
2025-09-17 12:41:30.875750,8.80653458718823,8.781521428320735,8.845498300130437,8.769980991817418,301996,8.928374030548971,9.13620322261816,9.550342824257324,,-0.35288702742560396,-0.2780827054998063,-0.14960864385159534,24.434614727811777,9.408509606047993,13.2066882273585,1.8121523634269785,10.700730276481599,9.550342824257324,8.39995537203305,0.20974820397013222,-627052.0
2025-09-18 12:41:30.875750,9.020598145413762,9.106837839690261,9.198528628717753,8.965585754781403,301435,8.95336885395961,9.093560845185449,9.469633439077086,,-0.3340420563079771,-0.28927457566144044,-0.08953496129307337,34.219489134310805,27.241744094743943,17.88504018315365,45.955151917924525,10.493766158084824,9.469633439077086,8.445500720069347,0.22248933814142674,-325617.0
2025-09-19 12:41:30.875749,9.11999816782391,9.104379498950776,9.230091829429874,9.02184122746711,583276,8.964374135615767,9.049385105595558,9.3862070531659,,-0.315666837670161,-0.29455302806318456,-0.042227619213952905,37.41962482009025,42.3871013368957,26.052393901067667,75.05651620855176,10.216896790287102,9.3862070531659,8.5555173160447,0.211080508883283,-908893.0
2025-09-20 12:41:30.875749,8.990248196729231,8.91178346500273,8.990248196729231,8.818318414374692,633645,8.958601776822286,9.013151445063428,9.313762456113462,,-0.3130367421558162,-0.2982497708817109,-0.029573942548210663,39.04726423165399,38.531133784112946,30.21197386208276,55.16945362817332,10.031689386032793,9.313762456113462,8.595835526194131,0.20552199266481988,-1542538.0
2025-09-21 12:41:30.875748,9.072063799168209,9.058390307940796,9.203217736131691,8.978538288041463,622077,8.99258250798106,9.00167581032802,9.266519514972707,,-0.29571362296113257,-0.29774254129759525,0.004057836672925363,34.425957653165966,46.58161384556553,35.668520523243686,68.40780049020921,9.914337839755586,9.266519514972707,8.618701190189828,0.20450115468133653,-920461.0
2025-09-22 12:41:30.875748,8.817447419150819,8.837212742212625,8.948190528669612,8.766380173649113,182338,9.003720770759438,8.966047400654205,9.213842397783656,,-0.2964152171776746,-0.2974770764736111,0.0021237185918729917,31.09923955251284,36.146119972062664,35.82772033951668,36.78291923715463,9.817787750425543,9.213842397783656,8.60989704514177,0.22135672801591255,-1102799.0
2025-09-23 12:41:30.875747,8.899559343026326,8.874128182675832,8.899559343026326,8.774801781951346,889714,8.957178839356551,8.955273846658079,9.173028717172468,,-0.2906421266018011,-0.2961100864992491,0.010935919794895943,31.987207911376913,31.84274439732573,34.49939502545303,26.529443141071127,9.75114620770994,9.173028717172468,8.594911226634995,0.219483178490212,-213085.0
2025-09-24 12:41:30.875747,8.51920192012379,8.526320905174446,8.675289138875149,8.499848342090377,339040,8.841567120601287,8.902970628108527,9.111779489770385,,-0.3105521988390283,-0.2989985089672049,-0.02310737974364674,30.73829983594503,22.436886048247548,30.478558699717873,6.353540745306901,9.691496636700604,9.111779489770385,8.532062342840165,0.22400669438905382,-552125.0
2025-09-25 12:41:30.875746,8.307402327697424,8.29983009568077,8.452691784965085,8.269630644226059,216563,8.719176446736892,8.83888911177959,9.0480601420129,,-0.3406798448096957,-0.3073347761357031,-0.06669013734798523,28.871438843613248,16.006012593505595,25.65437666431378,-3.290715548110775,9.690514658072226,9.0480601420129,8.405605625953575,0.22336077809549146,-768688.0
2025-09-26 12:41:30.875745,8.406078576360592,8.33250839188356,8.406078576360592,8.188891673501566,899873,8.574000063525446,8.783291285753254,8.999496411243829,,-0.35779491879549674,-0.3174268046676618,-0.08073622825566984,29.29321874540676,15.268469174073712,22.192407500900426,1.4205925204202785,9.704367206287346,8.999496411243829,8.294625616200312,0.2338551340654587,131185.0
2025-09-27 12:41:30.875745,8.436312619957887,8.455573971382305,8.502397160080926,8.295574985871516,960086,8.497672309359382,8.75069654005941,8.943449881338786,,-0.3573095325987694,-0.32540335025388334,-0.06381236468977214,36.77952020652277,18.716636573946023,21.033817191915624,14.082275338006824,9.633238928377963,8.943449881338786,8.253660834299609,0.23106473660003665,1091271.0
2025-09-28 12:41:30.875744,8.562814242707361,8.484554314941313,8.621359485884902,8.42120705153633,875914,8.41975753581248,8.688468187584515,8.891014516384981,,-0.35054551848439,-0.3304317838999847,-0.04022746916881059,35.5322594266288,22.193983833402058,21.420539405744435,23.740872688717303,9.550808794629415,8.891014516384981,8.231220238140548,0.23848913461435448,1967185.0
2025-09-29 12:41:30.875744,8.533555127106766,8.464929832274258,8.591609147782597,8.419093139061815,828564,8.40747932123244,8.624523220916863,8.836954163256213,,-0.3428167423000179,-0.3329087755799913,-0.01981593344005317,37.23145556604252,23.867304944187925,22.236127918558935,27.129658995445908,9.445960725709801,8.836954163256213,8.227947600802624,0.23701745712340042,1138621.0
2025-09-30 12:41:30.875743,8.362761414856301,8.413953399166223,8.445004424326847,8.305581756248275,689717,8.43030398192953,8.574740214333213,8.79394582969832,,-0.3369211859100538,-0.33371125764600384,-0.006419856528099954,37.255097944282454,25.791780055474206,23.421345297530692,30.532649571361233,9.394391979313149,8.79394582969832,8.193499680083491,0.23750158653275807,448904.0
2025-10-01 12:41:30.875743,8.094824512931645,8.165149096634343,8.199336465400817,8.094824512931645,595771,8.396832122879688,8.485416093202568,8.743545951765293,,-0.3483102392434212,-0.3366310539654873,-0.023358370555867758,34.617596759769725,20.107470617006953,22.31672040402278,15.688971042975297,9.378216709303997,8.743545951765293,8.10887519422659,0.25183181695454887,-146867.0
2025-10-02 12:41:30.875742,7.983340840571041,8.047596390876512,8.1072245900234,7.983340840571041,178288,8.31523660677853,8.406454458068957,8.68625092936158,,-0.36264136309220163,-0.3418331157908302,-0.04161649460274286,20.506734824482265,16.500373061480296,20.37793795650862,8.745243271423647,9.355825611070646,8.68625092936158,8.016676247652516,0.23503189235928337,-325155.0
2025-10-03 12:41:30.875742,7.896626954125847,7.973455692663037,8.050722143752985,7.896626954125847,467607,8.213016882322876,8.316387209067676,8.635830527862879,,-0.3756511441634913,-0.3485967214653624,-0.05410884539625782,19.719566642653348,14.533908146155277,18.429928019724173,6.741868399017484,9.361221819221328,8.635830527862879,7.910439236504431,0.2311636486210244,-792762.0
2025-10-04 12:41:30.875741,8.075992852960814,8.142034037312754,8.242711065183368,8.02544463217183,435419,8.148437723330574,8.277958522281507,8.590464575195018,,-0.368115222704116,-0.35250042171311313,-0.03122960198200575,29.121465927462424,20.97652049289021,19.278792177446185,24.371977123778258,9.3204374899627,8.590464575195018,7.860491660427336,0.22996324061704213,-357343.0
2025-10-05 12:41:30.875741,8.227994824079833,8.197989073502946,8.25847607322813,8.089952047981967,333778,8.105244858197917,8.267774420063725,8.553331765921659,,-0.3535523158509246,-0.35271080054067544,-0.0016830306204983492,25.45563964648221,27.845190187788884,22.134258180893752,39.26705420157914,9.283857281891912,8.553331765921659,7.822806249951405,0.2211839373396993,-23565.0
2025-10-06 12:41:30.875740,7.841092689455298,7.908921394906733,7.982084409152984,7.841092689455298,751078,8.053999317852396,8.225415720366042,8.504353503059647,,-0.36117307469041826,-0.354403255370624,-0.013539638639588514,24.506419213166666,21.46113161233906,21.90988265804219,20.5636295209328,9.270736571889554,8.504353503059647,7.737970434229741,0.22581866946512535,-774643.0
2025-10-07 12:41:30.875739,7.9313647400999905,7.960184487692589,8.079184619027256,7.924845700490224,546288,8.036516937215612,8.175876771997071,8.463286656028242,,-0.3589384586906892,-0.35531029603463704,-0.007256325312104295,25.096699570800453,19.5967475964685,21.13883763751763,16.51256751437024,9.254747321525363,8.463286656028242,7.67182599053112,0.22906907396837844,-228355.0
2025-10-08 12:41:30.875739,7.9533605277005215,7.898877967791485,7.9533605277005215,7.862373335397857,172941,8.021601392241301,8.117309137282088,8.402888662433302,,-0.3579877729999268,-0.355845791427695,-0.004283963144463554,29.74009397446379,16.253997513686627,19.51055759624063,9.740877348578621,9.171604353857287,8.402888662433302,7.634172971009318,0.2093213105190411,-401296.0
2025-10-09 12:41:30.875738,7.717646757783589,7.791939482308884,7.8312789501774365,7.687232530374408,298164,7.951582481240527,8.050010102285551,8.337266661601207,,-0.36169400643740346,-0.35701543442963674,-0.009357144015533447,32.22831409486389,16.94588225241545,18.655665814965573,13.526315127315208,9.077385099457356,8.337266661601207,7.597148223745059,0.2061038231239475,-699460.0
2025-10-10 12:41:30.875738,7.936868283432902,7.8872623748171105,7.999789881793882,7.884153131160763,714932,7.88943714150336,7.99734099985064,8.286040607091925,,-0.3528717761790716,-0.35618670277952375,0.0066298532009042566,35.07465126414985,22.96944188167022,20.09359117053379,28.72114330394308,9.000092766808578,8.286040607091925,7.571988447375273,0.20543693002580263,15472.0
2025-10-11 12:41:30.875737,8.014776714945112,8.049897649661844,8.194024118035033,8.014776714945112,168517,7.917632392454382,7.985815855153389,8.235615974177978,,-0.3289646875140875,-0.3507422997264365,0.04355522442469806,36.75252899872876,36.4752789047958,25.55415374862113,58.31752921714514,8.856357699626091,8.235615974177978,7.614874248729865,0.2125754706692678,183989.0
2025-10-12 12:41:30.875737,8.13721215840174,8.19983184250285,8.283745222161858,8.068648294739384,866086,7.9655618634164345,8.001039400316023,8.203746929192489,,-0.29452461477199066,-0.33949876273554735,0.0899482959271134,41.383014094259615,52.961077567488545,34.689795021576934,89.50364265931178,8.756123705322638,8.203746929192489,7.65137015306234,0.21498226625151368,1050075.0
2025-10-13 12:41:30.875736,8.093925690369923,8.062202991108702,8.148003129759008,8.033413724939482,545631,7.998226868079878,8.00991413016059,8.163150669614133,,-0.2751641856434208,-0.3266318473171221,0.10293532334740252,38.624207238547925,56.260862699183576,41.88015091411248,85.02228626932578,8.618986056312123,8.163150669614133,7.707315282916143,0.2145467025974126,504444.0
2025-10-14 12:41:30.875736,8.033007022030887,8.012344332279191,8.033007022030887,7.907743800725906,532527,8.04230783807394,7.9969451596572325,8.137451840969371,,-0.26083731297759627,-0.3134729404492169,0.1052712549432413,38.648612817480206,55.67460053748948,46.47830078857148,74.06720003532548,8.564097104538456,8.137451840969371,7.710806577400285,0.21419749648004208,-28083.0
2025-10-15 12:41:30.875735,8.126317734770296,8.065428265821145,8.137599712818261,8.027007343127423,633167,8.077941016274746,7.983689078889054,8.125731749476389,9.170095325904605,-0.2424054344186608,-0.2992594392431057,0.11370800964888983,46.83077090448103,58.2501074670817,50.40223634807489,73.94584970509531,8.546432379698759,8.125731749476389,7.705031119254017,0.2003493889303629,605084.0
2025-10-16 12:41:30.875735,8.261450856885387,8.222792050678681,8.310384071171892,8.20643833280088,842212,8.112519896478114,8.015076144466247,8.120245932416145,9.140475193415915,-0.21264881243178735,-0.28193731388084203,0.13857700289810937,55.43047887702854,67.48130655797542,56.09525975137507,90.25340017117611,8.532367550829692,8.120245932416145,7.708124314002599,0.20485992816518042,1447296.0
2025-10-17 12:41:30.875734,8.193419955870855,8.143989048401796,8.193419955870855,8.104381215194287,413028,8.101351337657904,8.033456600537168,8.10466668626712,9.107885963712574,-0.19319815080111802,-0.2641894812648972,0.1419826609275584,55.27072898702748,69.42014561974972,60.53688837416662,87.18666011091591,8.485807541113374,8.10466668626712,7.723525831420865,0.20231104572641298,1034268.0
2025-10-18 12:41:30.875734,8.078378619767756,8.113748954948043,8.15744039462289,7.996543103677296,710214,8.111660530425771,8.054943699252826,8.086126418267456,9.075258191977925,-0.17816965525999606,-0.246985516063917,0.13763172160784187,49.0440363075055,64.23560759730721,61.76979478188015,69.16723322816134,8.422959256643795,8.086126418267456,7.749293579891118,0.1945711827567889,324054.0
2025-10-19 12:41:30.875733,7.883033167575011,7.934218470164765,7.994087569672872,7.798432815722692,609158,8.096035358002887,8.069171598038412,8.059590850161982,9.037463865421646,-0.17868628967333855,-0.2333256707858013,0.1092787622249255,41.77247670403329,51.6647919813844,58.401460515048235,38.191454914056735,8.35137988192839,8.059590850161982,7.767801818395574,0.2050563337553024,-285104.0
2025-10-20 12:41:30.875733,7.783216389870233,7.744399176346479,7.783216389870233,7.615808095639697,340325,8.031829540107953,8.05488527819135,8.026113139020994,8.991326629007661,-0.19219702908042713,-0.22509994244472648,0.0658058267285987,44.52952405133688,40.61439767291588,52.47243956767079,16.898313883406047,8.299792481845534,8.026113139020994,7.7524337961964545,0.20230733307511814,-625429.0
2025-10-21 12:41:30.875732,7.918546982604154,7.870249662540676,7.920946531425524,7.807730991741749,890766,7.961321062480353,8.036920479479232,8.011368167316311,8.948107423556497,-0.19055273166501507,-0.2181905002887842,0.05527553724753825,47.15092453819055,39.28714752719394,48.077342220845175,21.706758139891463,8.285283620946105,8.011368167316311,7.737452713686518,0.20275619957215543,265337.0
2025-10-22 12:41:30.875732,8.163030824129086,8.083728615084349,8.163030824129086,7.975716236368175,817683,7.949268975816862,8.025310156737383,8.013174778526702,8.90926282368145,-0.17006326332563937,-0.20856505289615523,0.07700357914103173,55.34099646787642,48.64736335764731,48.26734926644589,49.407391540050156,8.288568939336765,8.013174778526702,7.737780617716639,0.21668262880741812,1083020.0
2025-10-23 12:41:30.875731,8.05797925622382,8.072086409476455,8.124958147989553,8.038993390572811,692606,7.940936466722545,8.026298498574159,8.018106314367374,8.864741999972216,-0.15300094113301732,-0.19745223054352765,0.08890257882102065,58.566177817379625,54.32878719967691,50.2878285775229,62.41070444398491,8.2940375821836,8.018106314367374,7.742175046551147,0.20770543737882274,390414.0
2025-10-24 12:41:30.875731,8.213022181064467,8.23409849480719,8.253821158594148,8.185822349117224,865523,8.00091247165103,8.048473914826959,8.022709537242097,8.820173108010342,-0.12496538342143992,-0.1829548611191101,0.11597895539534037,60.1897858542002,65.89151054782795,55.48905590095792,86.696419841568,8.310176351778539,8.022709537242097,7.735242722705654,0.20584003378115806,1255937.0
2025-10-25 12:41:30.875730,8.339502893784354,8.293653427797445,8.441367920486556,8.144975455122738,880564,8.110763321941224,8.071296431024589,8.027492754956821,8.778303843440208,-0.09682527507928462,-0.165728943911145,0.13780733766372077,57.62308081081956,71.29679187172565,60.75830122454717,92.3737731660826,8.330028232649164,8.027492754956821,7.724957277264479,0.20509937107729342,2136501.0
2025-10-26 12:41:30.875730,8.160579735107461,8.186645434515032,8.283836053512049,8.160579735107461,737526,8.174042476336094,8.067681769408223,8.041378956937235,8.732696845526743,-0.08221100988697039,-0.1490253571063101,0.13362869443867942,49.57623812866848,70.57968933969101,64.03209726292846,83.67487349321613,8.346483088729594,8.041378956937235,7.736274825144878,0.19790123680514832,1398975.0
2025-10-27 12:41:30.875729,8.316856716549944,8.245817788192818,8.35781286785691,8.231716032897578,853311,8.20646031095779,8.077864643387326,8.055660621962247,8.689763367415939,-0.06510390769206253,-0.1322410672234606,0.13427431906279613,56.21404249249132,72.49080191398531,66.85166547994741,83.7690747820611,8.371319964707471,8.055660621962247,7.740001279217023,0.19824047364647054,2252286.0
2025-10-28 12:41:30.875729,8.560391507808406,8.499465173765941,8.633615842939557,8.464126734051575,727724,8.291936063815687,8.116436265269115,8.08568998226097,8.65273736125712,-0.030725003047002986,-0.11193785438816908,0.1624257026823322,64.48723580687735,77.2670831109273,70.32347135694071,91.15430661890048,8.449193497946563,8.08568998226097,7.722186466575376,0.2149075353867522,2980010.0
2025-10-29 12:41:30.875728,8.4813135230914,8.49337513033136,8.578044261857196,8.4813135230914,712126,8.343791390920519,8.172351931285775,8.120761764662095,8.614745159809734,-0.003925636740991223,-0.09033541085873352,0.1728195482354846,63.09336172497748,79.18450150749683,73.27714807379276,90.99920837490498,8.499945806470215,8.120761764662095,7.741577722853975,0.2128700609743755,2267884.0
2025-10-30 12:41:30.875728,8.803105623211918,8.759157240613789,8.803105623211918,8.727372810514375,656750,8.436892153483788,8.273827737712505,8.164356507951927,8.588053190385773,0.03831774607674454,-0.06460477947163791,0.2058450510967649,65.38951905661753,84.3524367339324,76.96891096050598,99.11948828078522,8.622723021661026,8.164356507951927,7.705989994242829,0.217496824369362,2924634.0
2025-10-31 12:41:30.875727,8.342477302219535,8.300222054672785,8.389384125955011,8.203434566209754,777444,8.45960747751534,8.316824976925716,8.176872728202474,8.559669405784387,0.034367529792477924,-0.044810317618814745,0.15835569482258532,53.67994358302947,67.63069494698517,73.85617228933239,55.17974026229075,8.635750040181726,8.176872728202474,7.717995416223222,0.24873338429219347,2147190.0
2025-11-01 12:41:30.875727,8.369695328860614,8.436661520544906,8.535681118126512,8.365553194748973,242744,8.497776223985756,8.352118267471772,8.188714212104577,8.535434513026907,0.04176503818870714,-0.027495246457310368,0.13852056929203502,57.24356053893882,59.86060384389718,69.19098280752065,41.19984591665022,8.662080326396985,8.188714212104577,7.715348097812167,0.25405922518563145,2389934.0
2025-11-02 12:41:30.875726,8.519391557714277,8.45134925356653,8.577348640441064,8.300463645584722,892783,8.488153039945875,8.39004455188078,8.208171525227469,8.514783637338022,0.048256523034329035,-0.012344892558982488,0.12120283118662305,62.526663333233536,55.42445536851035,64.60214032785056,37.06908544982994,8.691527960463198,8.208171525227469,7.72481508999174,0.251314143444988,3282717.0
2025-11-03 12:41:30.875726,8.401691426151714,8.400808942603117,8.473334730125643,8.263465198932604,884659,8.469639802400225,8.406715596660373,8.227594755743665,8.49227536216114,0.0487608066053653,-0.00012375272611292974,0.09776911866295647,67.0510105199285,49.41238806074746,59.538889572149536,29.159385037943323,8.709034374070432,8.227594755743665,7.746155137416897,0.24356122606412875,2398058.0
2025-11-04 12:41:30.875725,8.471177035479732,8.416226237645109,8.471177035479732,8.358689994368268,126322,8.40105360180649,8.418972877645137,8.245134654334864,8.472975515274717,0.04983009155348128,0.009867016129805914,0.07992615084735073,65.04558398625582,44.76983626154003,54.61587180194637,25.07776518072734,8.727258335476455,8.245134654334864,7.763010973193272,0.23898548935215874,2524380.0
2025-11-05 12:41:30.875724,8.052583651143289,8.081669644681272,8.127537307156981,8.039738154939657,843235,8.357343119808187,8.408475298661763,8.238078534034994,8.452606959231655,0.02341171090257177,0.012575955084359085,0.021671511636425368,49.946809981353056,31.677545050146463,46.96976288467974,1.0931093810799126,8.725678726033877,8.238078534034994,7.750478342036111,0.24496455514623314,1681145.0
2025-11-06 12:41:30.875724,8.109812222089355,8.046163332126746,8.109812222089355,7.985061989485098,215982,8.279243482124555,8.388509853055156,8.23318724822124,8.427101271942382,-0.00038566309781984387,0.0099836314479233,-0.02073858909148629,49.33847755675359,23.608097822748586,39.18254119736936,-7.540788926492965,8.726688460133778,8.23318724822124,7.739686036308703,0.24773494623105563,1465163.0
2025-11-07 12:41:30.875723,8.085673679355393,8.103631053693531,8.20831655399295,8.007960405153506,401606,8.209699842149956,8.348926441047913,8.232681353158515,8.403274095936984,-0.014441614647239476,0.005098582228890746,-0.03908039375226044,46.482988498432185,20.570139373233946,32.978407255990895,-4.246396392279948,8.726718545941264,8.232681353158515,7.738644160375768,0.24906504621118067,1866769.0
2025-11-08 12:41:30.875723,8.261534047645183,8.343157215194253,8.43839907781175,8.261534047645183,769157,8.198169496668182,8.333904649534203,8.25312829040999,8.383224434609394,-0.0061820354320847315,0.00284245869669565,-0.018048988257560763,51.21644277310291,33.86668735030561,33.27450062076247,35.0510608093919,8.728657653277457,8.25312829040999,7.777598927542522,0.25180615755078073,2635926.0
2025-11-09 12:41:30.875722,8.32361917792998,8.256677016974052,8.32361917792998,8.153609098121905,244683,8.166259652533972,8.28365662717023,8.278742182441368,8.366267050386893,-0.006539109860204562,0.0009661449853156077,-0.015010509691040338,51.73840441170676,37.864028788355434,34.80434334329345,43.9833996784794,8.689696062213244,8.278742182441368,7.867788302669492,0.25584004500666396,2391243.0
2025-11-10 12:41:30.875722,8.056766669441158,8.123167605986477,8.283440180222614,8.056653216574611,836170,8.174559244795011,8.2659511823016,8.291388079613657,8.348767399565087,-0.017394672640671516,-0.002706018539881817,-0.029377308201579397,47.063798511554275,33.01513952237176,34.207942069652894,30.629534427809503,8.663107730451804,8.291388079613657,7.919668428775511,0.2598128685999586,1555073.0
2025-11-11 12:41:30.875721,8.01259014329506,8.041650474736048,8.139079062009337,7.952863065256548,848920,8.173656673316874,8.226450077720713,8.289284172596243,8.329569960161509,-0.03220430440442712,-0.008605675712790879,-0.04719725738327248,38.0556929822017,27.696435837684135,32.03743999232998,19.014427528392446,8.666389912054305,8.289284172596243,7.912178433138181,0.24541415017181928,706153.0
2025-11-12 12:41:30.875721,8.262587397205508,8.188877352223914,8.262587397205508,8.117449619081109,556720,8.190705933022949,8.200202887586453,8.295123719733615,8.316353520654623,-0.03169569741797318,-0.01322368005382734,-0.03694403472829168,42.600629692840705,33.6426252182852,32.572501734315054,35.78287218622549,8.661533373719182,8.295123719733615,7.928714065748049,0.25428602043636667,1262873.0
2025-11-13 12:41:30.875720,8.317003968011944,8.242719402552128,8.317003968011944,8.19417542996086,105747,8.170618370494523,8.184393933581353,8.295554765120862,8.302909625852658,-0.026640919297925336,-0.01590712790264694,-0.021467582790556793,36.00934215146669,42.32782212922449,35.82427519928487,55.33491598910372,8.66168231908477,8.295554765120862,7.929427211156953,0.24131431492975755,1368620.0
2025-11-14 12:41:30.875720,8.167364394998856,8.155386108346317,8.180318614351071,8.000686049866031,358334,8.150360188768976,8.158309920651474,8.288641399148307,8.289821973342262,-0.029343781342250352,-0.018594458590567624,-0.021498645503365457,45.0871445439794,42.12229143047011,37.92361394301329,50.51964640538377,8.66010290160697,8.288641399148307,7.917179896689643,0.2189079348070477,1010286.0
2025-11-15 12:41:30.875719,8.260828400240865,8.239103990223901,8.279633416251086,8.113275439311506,655234,8.173547465616462,8.174053355205736,8.291264326933751,8.278998928976877,-0.024448656681988368,-0.019765298208851773,-0.009366716946273189,43.05025317090722,47.73272530463274,41.193317730219775,60.81154045345866,8.660427109505099,8.291264326933751,7.922101544362403,0.21397214291318006,1665520.0
2025-11-16 12:41:30.875719,8.246588882627142,8.255100630707794,8.281629448822553,8.231967663394991,983067,8.216237496810809,8.194947085063841,8.291728469059498,8.270225249016661,-0.019058742602645395,-0.019623987087610498,0.0011304889699302045,43.102650165023974,52.57122629465567,44.98595391836508,67.74177104723687,8.660673944036374,8.291728469059498,7.922782994082623,0.19774191366826718,2648587.0
2025-11-17 12:41:30.875718,8.380223134045067,8.415025868153393,8.446425194824116,8.268862258496517,668632,8.261467199996705,8.226086566509828,8.287506503778872,8.258695049491047,-0.0018611129994923203,-0.016071412269986863,0.028420598540989085,50.463991968506775,66.26022488366439,52.07737757346485,94.62591950406348,8.648284854447327,8.287506503778872,7.926728153110417,0.19641727316278734,3317219.0
2025-11-18 12:41:30.875718,8.268439009473772,8.296869969237491,8.344177920107706,8.215986903820975,333823,8.272297313333778,8.221457841914152,8.277681245724178,8.245236557329159,0.0022084807988544952,-0.012415433656218592,0.029247828910146174,46.34942849479707,67.40641810313063,57.18705775002012,87.84513880935165,8.625316840215532,8.277681245724178,7.930045651232823,0.20259955339285549,2983396.0
2025-11-19 12:41:30.875717,8.270938227286404,8.242498564754232,8.271079196961898,8.095031655828787,670605,8.289719804615363,8.220039996692169,8.251848311931202,8.234081808991684,0.001034421100332139,-0.009725462704908447,0.02151976761048117,55.93650314921438,64.49850637476861,59.62420729160295,74.24710454109992,8.51547156151115,8.251848311931202,7.988225062351253,0.1901245698716592,2312791.0
2025-11-20 12:41:30.875717,8.219137216065286,8.177859546965827,8.324531980749228,8.047037468145037,585986,8.277470915963749,8.225509190790104,8.245730186545853,8.219406296308769,-0.005053603399868933,-0.008791090843900545,0.0074749748880632225,54.758812070692414,56.248419975303776,58.49894485283656,51.747370220238224,8.510304312406278,8.245730186545853,7.981156060685426,0.20103487558594027,1726805.0
2025-11-21 12:41:30.875716,7.984785106332881,7.938491153151639,7.984785106332881,7.870980080283046,801860,8.214149020452517,8.215193258631663,8.220821668176189,8.204427603157752,-0.028860746849307617,-0.01280502204498196,-0.03211144960865131,44.72601915989912,41.40960474557009,52.80249815041441,18.623817935881462,8.502930209044399,8.220821668176189,7.93871312730798,0.2086436840033215,924945.0
2025-11-22 12:41:30.875715,8.031761066165009,7.985506117146557,8.069275895345084,7.9819175411657906,196282,8.12824507025115,8.194856135123928,8.197529511355189,8.18961723539893,-0.04343368835740158,-0.018930755307465887,-0.049005866099871384,36.976494266059404,34.240458203283254,46.6151515013707,9.491071607108367,8.476403105239868,8.197529511355189,7.918655917470509,0.19407344958012343,1121227.0
2025-11-23 12:41:30.875715,7.961569885045156,8.027199286604674,8.093086028941398,7.961569885045156,784925,8.074310933724586,8.173304123529183,8.178849028555268,8.181298541756101,-0.051030313475544986,-0.025350666941081706,-0.05135929306892656,41.36205052834404,31.876152927578296,41.70215197677324,12.224154829188421,8.450344084643458,8.178849028555268,7.907353972467079,0.18992830863897295,1906152.0
2025-11-24 12:41:30.875714,8.027124343181393,8.028020221314922,8.185751329345516,7.941055212757852,587139,8.031415265036724,8.160567534826043,8.159438727738758,8.176768377183338,-0.05633505558865082,-0.031547544670595534,-0.04957502183611057,46.02101193568544,30.347503016598207,37.91726899004823,15.20797106969816,8.414487383643376,8.159438727738758,7.904390071834139,0.19120753384894876,2493291.0
2025-11-25 12:41:30.875714,7.9196495664503255,7.990354816307002,8.008259427938048,7.889120501410734,966692,7.993914318904959,8.135692617434355,8.154872986320045,8.171065817590394,-0.06285384532931104,-0.037808804802338634,-0.050090081053944815,47.77318360777513,27.14659030433883,34.32704276147843,12.785685390059626,8.418894934811766,8.154872986320045,7.890851037828324,0.1878277997883344,1526599.0
2025-11-26 12:41:30.875713,7.771859539582048,7.7641685277949515,7.82594888620931,7.724122858776025,407684,7.959049793833621,8.08659940714307,8.140773246103453,8.159542393530606,-0.08528822674156622,-0.04730468919018416,-0.07596707510276413,32.74566217104696,20.2505286402558,29.634871387737554,1.481843145292295,8.454651258149548,8.140773246103453,7.82689523405736,0.1910631594355857,1118915.0
2025-11-27 12:41:30.875713,7.689846347090923,7.698849304267372,7.848125439681969,7.677391675988953,669359,7.901718431257784,8.014981750754467,8.120534158632147,8.146447310019372,-0.10710372600132878,-0.05926449655241309,-0.09567845889783139,28.108730345840456,14.60560621907669,24.62511633151727,-5.433414005804465,8.491505003080528,8.120534158632147,7.749563314183765,0.19410652714308466,449556.0
2025-11-28 12:41:30.875712,7.705367493333945,7.646079155924883,7.778433875816932,7.518400302320033,938825,7.825494405121826,7.949902669423206,8.08568025566868,8.132799798746882,-0.12718467057688088,-0.07284853135730665,-0.10867227843914845,28.913210521753868,15.016557899891179,21.422263520975243,2.2051466577230485,8.497337401857925,8.08568025566868,7.674023109479437,0.19539225720099912,-489269.0
2025-11-29 12:41:30.875711,7.500961144870484,7.523393645815528,7.64633674235059,7.3752727435908865,192258,7.724569090021947,7.877992177529336,8.049016087110752,8.117957136191038,-0.15125508470517612,-0.08852984202688055,-0.12545048535659115,21.293786335521403,16.102949594578728,19.649158878843075,9.010531026050032,8.522521212445884,8.049016087110752,7.57551096177562,0.20287125875957937,-681527.0
2025-11-30 12:41:30.875711,7.441692079129817,7.49912532784935,7.537806240297683,7.420280996635194,943505,7.626323192330416,7.810118755617687,8.017813973203896,8.106856740044622,-0.17032590080065546,-0.10488905378163554,-0.13087369403803983,19.878675852859203,15.829104239604103,18.375807332430085,10.735698053952135,8.549423981384194,8.017813973203896,7.486203965023599,0.20771864863350276,-1625032.0
2025-12-01 12:41:30.875710,7.505748187661627,7.559725888130893,7.585563154497951,7.505748187661627,719097,7.585434664397605,7.772242229115614,7.993717743873638,8.098725564998862,-0.17849215474701108,-0.11960967397471067,-0.11776496154460081,12.991945687353706,18.138918274108384,18.29684431298952,17.82306619634611,8.56312327937069,7.993717743873638,7.424312208376588,0.20022673881437988,-905935.0
2025-12-02 12:41:30.875710,7.885937386827962,7.8449068558750685,7.94981573147746,7.802182343620733,161053,7.614646174719145,7.758182302988464,7.976519219056196,8.09658308438573,-0.16010663941773107,-0.12770906706331475,-0.06479514470883263,32.91363690765259,31.40770660302764,22.66713174300223,48.88885632307847,8.541869464637093,7.976519219056196,7.411168973475299,0.2138732301725334,-744882.0
2025-12-03 12:41:30.875709,7.890910745460882,7.872297789490433,8.018624280386724,7.869402251843796,370867,7.659889901432254,7.742692153277039,7.957998138403111,8.092087480255357,-0.14169242456173947,-0.1305057385629997,-0.02237337199747952,35.713195449895295,46.69033545762869,30.674866314544385,78.7212737437973,8.51075929096524,7.957998138403111,7.405236985840982,0.21186459525131568,-374015.0
2025-12-04 12:41:30.875709,7.8497229437779765,7.912848056921816,8.000959660444845,7.768153906223053,737354,7.737780783653513,7.731174936837729,7.945871235831886,8.087335129979005,-0.1224158254970007,-0.1288877559497999,0.012943860905598403,39.57890892246122,58.97974537134715,40.109826000145304,96.71958411375084,8.490988030622573,7.945871235831886,7.400754441041199,0.20867254108114436,363339.0
2025-12-05 12:41:30.875708,7.835346477116384,7.901066472523494,7.9913934696442865,7.835346477116384,160615,7.81816901258834,7.722246102459378,7.928969359946865,8.08720421460595,-0.10685786629005456,-0.12448177801785083,0.03524782345559255,48.20750709024657,66.56225779872301,48.92730326633787,101.83216686349328,8.45648230720065,7.928969359946865,7.401456412693079,0.19789879292722448,202724.0
2025-12-06 12:41:30.875708,7.62839839944436,7.597859694170646,7.640404531589285,7.510253868323945,623953,7.825795773796291,7.7056152190969485,7.89610731312001,8.081165468047251,-0.11763826385931253,-0.12311307518614317,0.010949622653661284,35.09189935148058,55.90751482991946,51.2540404541984,65.21446358136157,8.419950558615026,7.89610731312001,7.372264067624993,0.2164722116419462,-421229.0
2025-12-07 12:41:30.875707,7.5289434119180685,7.593830720058408,7.710698701557225,7.5289434119180685,411294,7.775580546632959,7.695113360676052,7.8550475557152595,8.0760813472517,-0.12506523693979954,-0.12350350753687446,-0.00312345880585016,32.83628883323492,48.59560362203962,50.367894843478815,45.051021179161225,8.334484152957728,7.8550475557152595,7.375610958472791,0.22006072205215435,-832523.0
2025-12-08 12:41:30.875707,7.651920181231366,7.602978280428923,7.651920181231366,7.518710214096542,658823,7.721716644820658,7.6908032731264555,7.820352971274831,8.072931993887034,-0.12872912571188078,-0.12454863117187573,-0.008360989080010095,33.276369706349456,42.57502147953504,47.770270388830895,32.18452366094333,8.264280414812081,7.820352971274831,7.37642552773758,0.2120974256626658,-173700.0
2025-12-09 12:41:30.875706,8.010443909329059,7.977537806042193,8.029181072951106,7.873603190528119,141167,7.734654594644733,7.736217689149122,7.807104933339228,8.074436584407453,-0.10025330289793022,-0.11968956551708664,0.03887252523831283,49.60138096359348,58.427926537264185,51.32282243830866,72.63813473517524,8.212094846624957,7.807104933339228,7.402115020053499,0.23261907370680834,-32533.0
2025-12-10 12:41:30.875706,7.88030732938008,7.94684646866323,8.014464029860422,7.814969854209373,884383,7.743810593872679,7.780989803230511,7.7955542794241,8.072719064724142,-0.07924900934004597,-0.1116014542816785,0.06470488988326506,56.46793334949856,66.99651401597036,56.54738629752923,87.89476945285261,8.16788132946198,7.7955542794241,7.423227229386219,0.22785208928681344,-916916.0
2025-12-11 12:41:30.875705,7.928390908670144,7.994773477314403,8.075938077160723,7.928390908670144,976140,7.823193350501431,7.824494562148861,7.798368395632236,8.069301425304335,-0.05806629421750742,-0.10089442226884429,0.08565625610267374,60.608202115274665,73.21499581685586,62.10325613730478,95.43847517595802,8.17605644759784,7.798368395632236,7.420680343666632,0.22619590391521083,59224.0
2025-12-12 12:41:30.875705,8.066980667030544,7.9892232225986,8.066980667030544,7.987466260005199,971990,7.902271851009469,7.838926198821214,7.79855425090484,8.068085095829167,-0.04125118110204884,-0.08896577403548521,0.09542918586687274,62.73196099028133,77.03359775210936,67.08003667557298,96.9407199051821,8.176633497445511,7.79855425090484,7.42047500436417,0.21330167773867123,-912766.0
2025-12-13 12:41:30.875704,7.782866619542937,7.802486628240782,7.820406884029928,7.781125662276579,774686,7.942173520571842,7.831945082696249,7.787318617986645,8.064587467428526,-0.042503214751222096,-0.07967326217863259,0.07434009485482099,59.88555174018057,68.5757493728968,67.57860757468092,70.57003296932857,8.149823275367252,7.787318617986645,7.424813960606038,0.20880407499312253,-1687452.0
2025-12-14 12:41:30.875704,7.960176178127686,7.980823822814821,8.078288842442948,7.837166018458045,217077,7.942830723926368,7.8387426592855505,7.78495879806164,8.06317739337842,-0.028773456763883765,-0.06949330109568283,0.08143968866359813,65.38295052012674,73.3310736035519,69.49609625097125,81.00102830871322,8.14143020502209,7.78495879806164,7.428487391101191,0.22010957288881375,-1470375.0
2025-12-15 12:41:30.875703,8.151523538505275,8.10084472402338,8.151523538505275,7.959259767539407,782436,7.973630374998396,7.858720484435539,7.790483293447458,8.061144937934165,-0.008114304321112265,-0.05721750174076872,0.09820639483931291,66.64868455085343,79.55121787447727,72.8478034588066,92.95804670581862,8.163402742018219,7.790483293447458,7.417563844876698,0.2276685689114757,-687939.0
2025-12-16 12:41:30.875703,8.302613481465986,8.22900526351813,8.324665511187023,8.130682952273048,122128,8.020476732239143,7.9218350413702865,7.813725130233618,8.06256187485277,0.018387744809656326,-0.04209645243068371,0.12096839448068007,63.08157369173165,82.41108679077553,76.0355645694629,95.16213123340077,8.234597091918792,7.813725130233618,7.392853168548445,0.2157922077555525,-565811.0
2025-12-17 12:41:30.875702,8.157869519490392,8.079338180476466,8.157869519490392,7.982302604506036,119911,8.038499723814716,7.970385787412093,7.8327495740440725,8.06198836194491,0.0270026570790467,-0.028276630528737634,0.11055857521556867,56.50920739558804,73.22901984399567,75.10004966097384,69.48696021003934,8.265974442468723,7.8327495740440725,7.399524705619423,0.2210054387912981,-685722.0
2025-12-18 12:41:30.875702,8.34810241394656,8.30601117319049,8.385938274428012,8.195535132203236,391249,8.139204632804658,8.040689076688249,7.865746174907352,8.06818490699534,0.05152668568804586,-0.012315967285380938,0.1276853059468536,61.06573879079555,77.74761846971464,75.98257259722078,81.27771021470235,8.337886468354478,7.865746174907352,7.393605881460227,0.22627646305770913,-294473.0
2025-12-19 12:41:30.875701,8.053155899062821,8.073135361376456,8.15912869299701,8.04481943995996,539778,8.157666940516984,8.050248832221676,7.893233260685399,8.073663843412508,0.051576481682147346,0.0004625225081247176,0.10222791834804526,54.30692809920925,67.92541902745657,73.29685474063271,57.18254760110429,8.345024407614098,7.893233260685399,7.4414421137566995,0.23378680167932528,-834251.0
2025-12-20 12:41:30.875701,8.099852482407638,8.167890896497129,8.176356676389853,8.018514556321755,793366,8.171076175011734,8.072353275005065,7.926671539117788,8.078624530645113,0.05858657557111702,0.012087333120723178,0.09299848490078767,65.93039029978425,66.59959422205974,71.06443456777507,57.66991353062906,8.353976625985636,7.926671539117788,7.499366452249942,0.21714605281279306,-40885.0
2025-12-21 12:41:30.875700,8.572976482050763,8.525718947801815,8.583114817251996,8.45431255182475,714965,8.230418911868473,8.125447822053808,7.974971192101334,8.085991036190405,0.0919558489435186,0.028061036285282268,0.12778962531647267,71.74331541368612,75.34749982240143,72.49212298598385,81.05825349523658,8.443979627555972,7.974971192101334,7.505962756646695,0.2338223836067724,674080.0
2025-12-22 12:41:30.875699,8.366579735503576,8.356818261488762,8.379283842025878,8.292781880497655,501312,8.28591492807093,8.162207325942823,8.000566762382018,8.090736567057277,0.10357837761836386,0.04316450455189859,0.12082774613293054,66.36872752427358,73.45275285119217,72.8123329410533,74.73359267146992,8.494879708854308,8.000566762382018,7.506253815909727,0.2409457479045821,172768.0
2025-12-23 12:41:30.875699,8.249647505522516,8.26216931732508,8.272641612055608,8.176421598468988,346263,8.277146556897847,8.208175594851252,8.020060338773751,8.091204414099241,0.10395362388197249,0.055322328417913375,0.09726259092811823,57.03567628324984,65.15332720197247,70.25933102802637,54.94131954986469,8.52373590267185,8.020060338773751,7.516384774875651,0.22338816722583862,-173495.0
2025-12-24 12:41:30.875698,8.345917247546934,8.278636046346213,8.442546455632465,8.270859763436304,997412,8.3182466938918,8.237956817204392,8.038349738244971,8.090954124408388,0.10437654878099245,0.06513317249052919,0.07848675258092652,58.25943725889719,59.876264864147515,66.79830897340008,46.03217664564238,8.552097573262495,8.038349738244971,7.524601903227446,0.22202266455843406,823917.0
2025-12-25 12:41:30.875698,8.131547347434482,8.19527421237373,8.248109775433347,8.131547347434482,483563,8.32372335706712,8.247399766039427,8.053060125237483,8.0910979373727,0.09686847698861811,0.07148023339014697,0.05077648719694228,54.90465723460469,51.733271049079974,61.776629665293385,31.646553816653153,8.567105109190345,8.053060125237483,7.539015141284621,0.22198991673137344,340354.0
2025-12-26 12:41:30.875697,7.939940674347853,7.941111971799986,8.069738044952608,7.8238958200601,506248,8.206801961866754,8.218610436867612,8.07022273911895,8.086019507099486,0.06960711976091893,0.07110561066430138,-0.002996981806764887,48.95072509733621,39.63519522147799,54.39615151735492,10.113282629724125,8.541410380044228,8.07022273911895,7.5990350981936725,0.2428373442519653,-165894.0
2025-12-27 12:41:30.875697,7.874286967989387,7.952001297001074,7.9924993533400865,7.874286967989387,247261,8.125838568969217,8.205876748520073,8.088131267966082,8.076895109153405,0.048323927136902256,0.06654927395882156,-0.0364506936438386,53.5317070819823,32.04790462444082,46.946735886383564,2.250242100555326,8.507453317797633,8.088131267966082,7.66880921813453,0.2364169746111566,81367.0
2025-12-28 12:41:30.875696,7.778174169448638,7.783052486813893,7.8891359159534,7.689165196303705,815328,8.030015202866979,8.153580879882414,8.097134978285332,8.065056398428114,0.017620963132932488,0.056763611793643746,-0.07828529732142252,45.307603247328615,24.866111717678816,39.586527830148654,-4.574720507260864,8.4786211213485,8.097134978285332,7.715648835222165,0.23549082364652824,-733961.0
2025-12-29 12:41:30.875696,7.787051898324125,7.8567723817137205,7.976231126781532,7.787051898324125,724314,7.945642469940481,8.131944581916141,8.091096707068909,8.050016650779778,-0.0007540850050400394,0.04526007243390699,-0.09202831487789406,44.078956397016505,22.827095768929738,34.000050476409015,0.48118635397118226,8.484199598982165,8.091096707068909,7.697993815155653,0.235556171432369,-9647.0
2025-12-30 12:41:30.875695,7.6535024448082405,7.712298243101592,7.804173115355853,7.65225096549713,298692,7.849047276086052,8.086385316576585,8.079369295790826,8.040217920586926,-0.02666689919040177,0.03087467810904524,-0.11508315459889402,37.56344551483032,17.750756927380174,28.5836192933994,-3.914967804658282,8.503371889815508,8.079369295790826,7.655366701766145,0.234177644936151,-308339.0
2025-12-31 12:41:30.875695,7.890545569145568,7.951369370876382,8.02636290010983,7.890545569145568,174142,7.851098755901333,8.028950358884043,8.077199090468925,8.03212971809245,-0.027593864223218745,0.019180969642592444,-0.09354966773162238,47.0470228022149,24.45014873293048,27.205795773243096,18.938854652305253,8.50346310087982,8.077199090468925,7.65093508005803,0.23898921622158978,-134197.0
2026-01-01 12:41:30.875694,7.850167461732199,7.826810646109973,7.891278663137002,7.771134986034798,712449,7.826060625723112,7.975949597346164,8.069078461644493,8.02172074130151,-0.03794196741578659,0.007756382230916637,-0.09139669929340646,38.395181365510815,23.662732617147782,26.024774721211326,18.938648409020693,8.508387849974541,8.069078461644493,7.629769073314443,0.22996309414230673,-846646.0
2026-01-02 12:41:30.875694,7.814663206085971,7.776396356035155,7.8306551143687795,7.66456463689722,689060,7.824729399567365,7.927372301217171,8.067773948034212,8.011313864858709,-0.04963872134851499,-0.003722638484969688,-0.0918321657270906,42.11723108591088,22.720054801984137,24.923201414802264,18.313761576347886,8.510557745317064,8.067773948034212,7.624990150751359,0.22317014730238036,-1535706.0
2026-01-03 12:41:30.875693,7.916098137822488,7.902921002529663,8.049840910460453,7.855958413595542,345933,7.833959123730553,7.889800796835516,8.063878807019954,8.002758777606784,-0.048144027172618564,-0.012606916222499463,-0.07107422190023821,43.078000934477494,35.16089839984866,28.3357670764844,48.81116104657718,8.511230266587672,8.063878807019954,7.616527347452236,0.23142746404218034,-1189773.0
2026-01-04 12:41:30.875693,7.779624496944302,7.708372533377458,7.836427009951081,7.6210513739366155,955777,7.833173981785727,7.84111062893589,8.044255197487658,7.9965371590850545,-0.06194385660053747,-0.022474304298107067,-0.07893910460486081,26.656447480057352,30.228790031111412,28.966774728026742,32.75282063728075,8.518408697028015,8.044255197487658,7.570101697947301,0.22190215745919323,-2145550.0
2026-01-05 12:41:30.875692,7.724060809802883,7.743439451624384,7.8928920006630685,7.66971410231738,235952,7.791587997935326,7.82134337691833,8.019976906892971,7.991491761076682,-0.06925241487792011,-0.031829926414069676,-0.07484497692770087,31.03174387422375,29.666757427889948,29.200102294647813,30.600067694374218,8.5039236500541,8.019976906892971,7.536030163731842,0.22120507396215952,-1909598.0
2026-01-06 12:41:30.875692,7.911820967256934,7.945875067072694,7.965628071252698,7.840406103760891,489101,7.815400882127871,7.820730753925491,8.013303751222782,7.9888624946330005,-0.058040581926968926,-0.03707205751664953,-0.0419370488206388,40.83015170513475,45.029052495491406,34.47641902826234,66.13431942994953,8.497484630920612,8.013303751222782,7.529122871524953,0.22419021371991235,-1420497.0
2026-01-07 12:41:30.875691,7.747111474271565,7.690417847987945,7.802831373504345,7.546325605031365,949254,7.798205180518428,7.811467290042897,7.982524084962655,7.977983505179562,-0.06897330484763486,-0.04345230698284659,-0.051041995729576545,35.022198085780246,39.55845227361751,36.170430110047405,46.33449660075772,8.466624499685333,7.982524084962655,7.498423670239978,0.23984537970090836,-2369751.0
2026-01-08 12:41:30.875690,7.67614582069244,7.718816078407938,7.863673626510557,7.605724292757149,477754,7.761384195694083,7.797671659712319,7.96480812081423,7.96901915620346,-0.07448742203291303,-0.04965932999285988,-0.0496561840801063,37.51858044863942,37.791383287223596,36.71074783577281,39.95265419012517,8.460735143540512,7.96480812081423,7.468881098087949,0.2477639964753139,-1891997.0
2026-01-09 12:41:30.875690,7.830818107376987,7.758935828222865,7.830818107376987,7.725581656135272,674673,7.771496854663165,7.802335418224446,7.944360367400516,7.962948626574067,-0.07475830392180693,-0.05467912477864929,-0.04015835828631528,44.62489012751334,39.2693141442895,37.56360327194504,42.68073588897843,8.438752227976426,7.944360367400516,7.4499685068246055,0.22923711337927236,-1217324.0
2026-01-10 12:41:30.875689,7.803371125017585,7.880258098046006,7.890738253034144,7.803371125017585,457834,7.79886058394749,7.795224290941408,7.912087324912726,7.960258753629233,-0.06444045705203738,-0.056631391233326916,-0.015618131637420929,48.01271994311182,48.28628506139279,41.137830535094295,62.58319411398978,8.324094235322178,7.912087324912726,7.500080414503273,0.23020783048359947,-759490.0
2026-01-11 12:41:30.875689,7.7575315536788985,7.685308280920391,7.799223094183391,7.644996680291489,346793,7.746747226717029,7.78107405442245,7.878511825884307,7.951865935774174,-0.07117386207232812,-0.05953988540112716,-0.02326795334240192,47.33094091543709,41.39168101822775,41.22244736280545,41.73014832907235,8.244832908432207,7.878511825884307,7.512190743336408,0.2282382102733958,-1106283.0
2026-01-12 12:41:30.875688,7.41398124633183,7.482345958057738,7.568314089586028,7.393294379067649,985579,7.705132848730988,7.751669014624707,7.83952065792094,7.9391930450326,-0.09182895031291238,-0.06599769838348421,-0.051662503858856346,40.44978453405588,32.7809143007356,38.408603008782165,21.525536884642477,8.199858509395375,7.83952065792094,7.479182806446506,0.2352978718366174,-2091862.0
2026-01-13 12:41:30.875687,7.6195972871416595,7.560452905334457,7.687745041755181,7.5526768565151325,468400,7.673460214116291,7.717422204905188,7.8036115008703515,7.92927749164907,-0.10073447436180416,-0.07294505357914821,-0.0555788415653119,45.99127663666841,31.589436254393682,36.135547423986004,22.49721391520903,8.120179654072908,7.8036115008703515,7.487043347667794,0.23536056237096403,-1623462.0
2026-01-14 12:41:30.875687,7.609573216007812,7.60535967804617,7.626620061992136,7.529858801206023,904689,7.642744984080953,7.707120919372057,7.774115774153974,7.918715086446108,-0.10298145892040722,-0.07895233464740002,-0.0480582485460144,39.82187922281539,33.410536575777385,35.22721047458313,29.777188778165893,8.043433538723423,7.774115774153974,7.504798009584525,0.21983889121224084,-718773.0
2026-01-15 12:41:30.875686,7.718820590752503,7.643461442519357,7.765033343213299,7.552222536460564,306959,7.595385652975622,7.6971231184615565,7.759233247689943,7.9085210999763005,-0.10052888203347088,-0.08326764412461421,-0.03452247581771334,44.31762551519162,39.03719453597601,36.49720516171409,44.117173284499856,8.022524285158234,7.759233247689943,7.495942210221652,0.22216577849160876,-411814.0
2026-01-16 12:41:30.875686,7.630817877149967,7.696422713141757,7.727458894853865,7.630817877149967,291794,7.5976085394198964,7.672177883068462,7.746454318496977,7.896544380726107,-0.09323688844524103,-0.08526149298873958,-0.015950790913002888,47.525356675804595,46.33719405939628,39.77720146094149,59.45717925630588,7.994732571245145,7.746454318496977,7.498176065748809,0.21720510279391864,-120020.0
2026-01-17 12:41:30.875685,7.599924521531453,7.591747558888665,7.616596250983632,7.474696142070568,128020,7.619488859586082,7.662310854158534,7.736889072100714,7.884792340553626,-0.09481141416758376,-0.08717147722450842,-0.01527987388615068,40.23930366042017,44.189658422871645,41.248020448251545,50.072934372111845,7.993820276496559,7.736889072100714,7.4799578677048695,0.21351096112576798,-248040.0
2026-01-18 12:41:30.875685,7.698599307080855,7.627011787657962,7.698599307080855,7.610751264994062,686500,7.632800636050783,7.653130425083536,7.7254010423979285,7.874534227602022,-0.09215144411468934,-0.08816747060254461,-0.007967947024289462,47.16459392343605,45.12099698295178,42.53901262648496,50.284965695885404,7.9803009489441825,7.7254010423979285,7.470501135851674,0.20100968395427815,438460.0
2026-01-19 12:41:30.875684,7.675261134364274,7.671717131827705,7.796700868554763,7.660188415679903,431673,7.6460721268070895,7.644408555444021,7.723371986834233,7.866098520683052,-0.08545102480483724,-0.08762418144300313,0.004346313276331781,47.517170693001454,52.94368981155058,46.00723835484017,66.8165927249714,7.979354822925053,7.723371986834233,7.467389150743413,0.19718905413650045,870133.0
2026-01-20 12:41:30.875684,7.581681629124929,7.56211109159134,7.662716997205789,7.4519782061901525,877922,7.629802056621486,7.612593854798554,7.7039090728699815,7.859825519657048,-0.08797110946919595,-0.0876935670482417,-0.0005550848419084986,35.8026847174128,49.24505752901577,47.0865114128987,53.56214976124991,7.9457008177889685,7.7039090728699815,7.4621173279509945,0.19701407599430323,-7789.0
2026-01-21 12:41:30.875683,7.875005183237814,7.844294974094063,7.926356563746839,7.766559373265593,525888,7.659376508811947,7.628492524115922,7.704783289269185,7.857472000606173,-0.0664326198245968,-0.08344137760351272,0.034017515557831834,55.58228136941099,60.39711722227831,51.52338001602524,78.14459163478443,7.948564272530144,7.704783289269185,7.4610023060082264,0.19449236243102966,518099.0
2026-01-22 12:41:30.875683,7.9114332258946085,7.9186326780954355,7.975461614044979,7.809608563854798,971374,7.724753532653301,7.672121196119692,7.7118951053722,7.855662557131018,-0.042870594629150105,-0.0753272210086402,0.06491325275898019,57.01503093297532,69.97943840419174,57.67539947874741,94.5875162550804,7.972210751120953,7.7118951053722,7.4515794596234475,0.18791405646222772,1489473.0
2026-01-23 12:41:30.875682,7.749683166277851,7.72996278204587,7.865577332703387,7.66273879916541,266972,7.745343731530883,7.689072183790833,7.703247194348011,7.850694933143202,-0.038972354692180744,-0.06805624774534831,0.058167786106335134,49.07890690610106,64.35390683530866,59.90156859760117,73.25858331072365,7.947860719173764,7.703247194348011,7.458633669522258,0.19819204574515462,1222501.0
2026-01-24 12:41:30.875681,7.844671573697004,7.831465481229018,7.8929338874701696,7.792871700872684,881760,7.7772934014111454,7.711682764109118,7.709401841740589,7.848046777558568,-0.027376967288864407,-0.05992039165405154,0.06508684873037426,48.42901817749542,67.06683907667379,62.28999209062538,76.62053304877061,7.960662245476579,7.709401841740589,7.458141438004599,0.20041838007465604,2104261.0
2026-01-25 12:41:30.875681,7.7404100208905415,7.67880176411758,7.804211868445416,7.553007277678591,798937,7.800631535916393,7.715216796268939,7.706169957365248,7.846623998163946,-0.03015857604684946,-0.05396802853261112,0.047618904971523324,49.78464480459818,59.154444595961024,61.24480959240393,54.97371460307521,7.957249692713914,7.706169957365248,7.455090222016581,0.20350386477436386,1305324.0
2026-01-26 12:41:30.875680,7.728771649677869,7.799679096992126,7.868181324334819,7.674975350572167,793829,7.791708360496005,7.725542434653976,7.69886015886122,7.8483044947093585,-0.022351575430813675,-0.047644737912251635,0.05058632496287592,61.10672730314364,61.576500880375264,61.35537335506105,62.01875593100371,7.928120601717489,7.69886015886122,7.469599716004951,0.19644615562507178,2099153.0
2026-01-27 12:41:30.875680,7.9454524890736895,7.980412571381157,8.04057601264705,7.869533282395141,860304,7.80406433915315,7.7644089359032264,7.713359895030879,7.853876718300296,-0.001562775561794183,-0.038428345442160144,0.07373113976073192,63.713512469114434,70.97717198353088,64.562639564551,83.80623682149064,7.974796133420894,7.713359895030879,7.451923656640864,0.19898171505060608,2959457.0
2026-01-28 12:41:30.875679,7.920134323952759,7.8494249015714725,7.922060306193248,7.806701245231183,784921,7.82795676305827,7.786650247294577,7.719890336189057,7.859310572562895,0.004293396266001892,-0.029883997100527738,0.06835478673305925,57.54559215825895,69.82622296673566,66.31716736527923,76.8443341696485,7.988331563654572,7.719890336189057,7.451449108723542,0.20447814829088187,2174536.0
2026-01-29 12:41:30.875679,8.063111260276298,8.000663873140871,8.063111260276298,7.906219129676084,663598,7.861796441440641,7.8195449214258925,7.731976738434957,7.867669548317753,0.02089728478885977,-0.01972774072265024,0.08125005102302002,60.321339171517415,75.80345207635068,69.47926226896972,88.4518316911126,8.028154457517495,7.731976738434957,7.435799019352419,0.20454068771603115,2838134.0
2026-01-30 12:41:30.875678,8.05956021600399,8.06671430213412,8.187329327723667,8.008476836191257,218120,7.939378949043951,7.870005242480171,7.741299548639363,7.876119355217807,0.03893686375308114,-0.007994819827503961,0.0938633671611702,60.61922348757215,77.5307036744702,72.16307607080321,88.26595888180418,8.067360400314062,7.741299548639363,7.415238696964663,0.21097100463595245,3056254.0
2026-01-31 12:41:30.875678,8.219040953320937,8.199340791130963,8.281780307151333,8.184322538539694,129273,8.019311287871718,7.905509824183862,7.767001174149891,7.882026587472072,0.06320660293273939,0.006245464724544708,0.11392227641638936,67.14962205670824,81.24976993259943,75.19197402473529,93.36536174832773,8.150463177183541,7.767001174149891,7.383539171116242,0.21049524991781135,3185527.0
2026-02-01 12:41:30.875677,8.47249837429288,8.510389832631073,8.54991424382678,8.354255910112107,928763,8.1253067401217,7.964685539637425,7.818403367878558,7.892661454857749,0.10631408163552614,0.026259188106740994,0.16010978705757029,71.5749301163838,86.17827859389516,78.85407554778858,100.82668468610834,8.303379581515093,7.818403367878558,7.333427154242021,0.2279039430966419,4114290.0
2026-02-02 12:41:30.875677,8.415799176542231,8.468622862081487,8.62098601802909,8.415799176542231,654985,8.249146332223702,8.038551547640987,7.86381186571591,7.901924368277078,0.1355443526934641,0.048116221024085616,0.17485626333875698,69.49097356794067,86.03002003154558,81.24605704237425,95.59794600988823,8.412919749472206,7.86381186571591,7.314703981959615,0.23043949742450318,3459305.0
2026-02-03 12:41:30.875676,8.33490491224604,8.340960715812379,8.405001147744763,8.182442867034043,816883,8.317205700758006,8.089501071099324,7.90059191760422,7.909255938998559,0.14671702230777584,0.06783638128082367,0.15776128205390433,68.88257240944625,80.81979684343445,81.10397030939433,80.25144991151467,8.474779768859728,7.90059191760422,7.3264040663487116,0.23518528809663827,2642422.0
2026-02-04 12:41:30.875676,8.168544167117346,8.192572617539284,8.281634543262237,8.119493923883288,533370,8.342377363839038,8.140878156441493,7.928047476355216,7.919167821054702,0.1419613223164884,0.08266136948795662,0.11859990565706355,59.02949899109011,69.67578695531337,77.29457585803401,54.43820914987211,8.502979236938542,7.928047476355216,7.353115715771891,0.2249868109376091,2109052.0
2026-02-05 12:41:30.875675,8.072384443835986,8.058900917504989,8.205004296039887,8.029061558903429,205577,8.314289389113842,8.16680033849278,7.946171386573378,7.926918991012146,0.12595428417452226,0.09131995242526975,0.06926866349850502,53.52807086114756,56.77449976608581,70.45455049405128,29.414398310154894,8.513157710366572,7.946171386573378,7.379185062780183,0.22570750286234315,1903475.0
2026-02-06 12:41:30.875675,7.978518873022415,8.046473816770218,8.14693211056132,7.959265981082959,212667,8.221506185941672,8.173406463031686,7.968907699467456,7.934310583284501,0.11098644529613821,0.09525325099944344,0.031466388593389544,58.73545556437176,44.39047906465152,61.76652668425136,9.638383825451854,8.512018546618597,7.968907699467456,7.425796852316315,0.22083409218722425,1690808.0
2026-02-07 12:41:30.875674,8.17824023226622,8.10137522542825,8.17824023226622,7.959933990070051,717008,8.148056658611024,8.198601495417364,7.992625871355969,7.936374540274269,0.10237430275962822,0.0966774613514804,0.01139368281629563,57.64597540145501,36.75223118257779,53.428428183693505,3.3998371803463527,8.513860925062737,7.992625871355969,7.471390817649202,0.22478660195664343,2407816.0
2026-02-08 12:41:30.875673,8.225422210089192,8.146206745164172,8.299328080858212,8.026909638991238,487275,8.109105864481382,8.213155782619694,8.016350352022794,7.9396972115492845,0.09803654248620042,0.09694927757842442,0.0021745298155519954,64.10214509845906,33.918398618064394,46.92508499515047,7.905025863892234,8.518944895482015,8.016350352022794,7.513755808563572,0.22435519040782534,2895091.0
2026-02-09 12:41:30.875673,8.313794303861757,8.280974860419853,8.384935552563203,8.147392608643212,280472,8.126786313057497,8.234581838448268,8.052293540464218,7.944467234601041,0.10427151964295867,0.09841372599133127,0.011715587303254782,64.40054038000216,38.817955028596195,44.22270833963238,28.00844840652381,8.519696359097821,8.052293540464218,7.5848907218306145,0.22760682138185237,3175563.0
2026-02-10 12:41:30.875672,8.289108043834728,8.28312822721543,8.338609550219811,8.173992485206998,542435,8.171631774999586,8.242960582056714,8.074235203120287,7.949365651344655,0.10813997237746875,0.10035897526855878,0.015561994217819952,60.14107153868079,42.19279917389879,43.54607195105452,39.48625361958733,8.54172641179862,8.074235203120287,7.6067439944419535,0.2221582606217016,3717998.0
2026-02-11 12:41:30.875672,8.491452966070156,8.523924410089856,8.547667302486241,8.405906147953319,157788,8.26712189366351,8.244314039802592,8.104499789720009,7.961389614375474,0.12914725936597016,0.10611663208804106,0.04606125455585819,71.0474390467692,60.11681518256843,49.06965302822583,82.21113949125365,8.606661951919795,8.104499789720009,7.602337627520223,0.2286459569874757,3875786.0
2026-02-12 12:41:30.875671,8.532018255895256,8.478806113267174,8.613453825844637,8.334802807630135,623774,8.342608071231297,8.245332364921161,8.141941956281073,7.9696893192163465,0.1405350159851686,0.11300030886746656,0.05506941423540407,65.978437637152,66.55040229433587,54.89656945026251,89.85806798248258,8.63815528337542,8.141941956281073,7.645728629186726,0.23328628980959548,3252012.0
2026-02-13 12:41:30.875671,8.973112088509781,8.940081852443193,9.050951876292611,8.89544080374044,342094,8.501383092687101,8.30524447858424,8.197372774841782,7.983676604690009,0.18465243394319586,0.12733073388261243,0.11464340012116686,73.08741795098803,74.31498358472167,61.3693741617489,100.2062024306672,8.786531238520883,8.197372774841782,7.608214311162679,0.2608205975554984,3594106.0
2026-02-14 12:41:30.875670,8.990872691719114,9.051952198471596,9.148529484557878,8.963347170958867,817803,8.65557856029745,8.391182436677472,8.266030296559483,7.997392386939234,0.2260371914687802,0.14707202539984598,0.15793033213786845,72.78880921465026,80.16973428804414,67.63616087051399,105.23688112310444,8.91748608253781,8.266030296559483,7.614574510581157,0.2603478566338893,4411909.0
2026-02-15 12:41:30.875670,8.969891733284404,8.896773213926819,9.055828405707132,8.857412209193852,379325,8.778307557639728,8.474969666319655,8.320885002406218,8.011016304163407,0.24350627405113556,0.16635887513010392,0.1542947978420633,61.26606990743156,79.71949348119153,71.6639384074065,95.8306036287616,8.991477349601087,8.320885002406218,7.650292655211349,0.2494794811922795,4032584.0
2026-02-16 12:41:30.875669,8.762385086313737,8.706223460091914,8.843537530910435,8.534246292451861,509698,8.81476736764014,8.540944630651826,8.357175546841756,8.017686508945097,0.2392173267763944,0.18093056545936204,0.11657352263406473,56.37479934546208,73.3348038314039,72.22089354873899,75.56262439673372,9.028744195200517,8.357175546841756,7.685606898482995,0.2607180583342866,3522886.0
2026-02-17 12:41:30.875669,8.869310640541832,8.790233713300664,8.869310640541832,8.624263668599271,110458,8.877052887646837,8.609830479439067,8.404215987428215,8.029638148143833,0.23983258968860355,0.19271097030521037,0.09424323876678636,62.34306580744365,70.29357268789475,71.57845326179091,67.72381154010242,9.057586798833107,8.404215987428215,7.750845176023323,0.25777998525536633,3633344.0
2026-02-18 12:41:30.875668,8.79045310432446,8.750947911115876,8.80550518267636,8.744047471664134,165202,8.839226099381374,8.670304596034239,8.441730189326965,8.039355765054147,0.23444758820977007,0.2010582938861223,0.06677858864729552,66.31876038464608,66.59672491395177,69.91787714584454,59.954420450166225,9.083596898355662,8.441730189326965,7.799863480298267,0.24635076518987598,3468142.0
2026-02-19 12:41:30.875668,8.896044798676302,8.875911533762094,8.920022886203972,8.75065907752873,453244,8.804017966439474,8.729798263368462,8.482190050908365,8.045192308153483,0.23752541064445865,0.20835171723778959,0.05834738681333812,73.99964690887674,66.56368390743526,68.79981273304145,62.09142625622289,9.126534296753714,8.482190050908365,7.837845805063015,0.2458808417283605,3921386.0
2026-02-20 12:41:30.875667,8.945269122742099,8.959919839565345,9.093233822493204,8.794116824450603,531944,8.816647291567179,8.797477424603453,8.520219003330084,8.055244001121427,0.24393148497338224,0.21546767078490814,0.0569276283769482,75.74956302218811,69.98295564413584,69.19419370340626,71.56047952559501,9.183766198613341,8.520219003330084,7.856671808046827,0.2538416180543777,4453330.0
2026-02-21 12:41:30.875666,9.02430031637127,8.946869015177178,9.02430031637127,8.914557335972685,640018,8.864776402584232,8.839771885112185,8.542042962457389,8.066655662752295,0.2451295516904537,0.22140004696601728,0.047459009448872824,74.40997673705145,69.04577599813754,69.14472113498336,68.84788572444592,9.232398873399747,8.542042962457389,7.8516870515150305,0.2460870993545504,3813312.0
2026-02-22 12:41:30.875666,8.859739136681968,8.79534596560852,8.895593504422017,8.695440469763968,362496,8.865798853045803,8.87142587034632,8.55837911763374,8.07526749474,0.2311873999882046,0.22335751757045474,0.01565976483549969,67.6535391267999,60.198774823749105,66.1627390312386,48.270846408770126,9.25683502346712,8.55837911763374,7.859923211800359,0.24458782103642449,3450816.0
2026-02-23 12:41:30.875665,8.451298405181001,8.528873857085438,8.658932136123868,8.372712172930113,725483,8.821384042239716,8.830305070810544,8.567774774697394,8.08082748881853,0.19637241321692933,0.21796049669974968,-0.043176166965640694,56.29103315998917,47.35698992203504,59.89415599483742,22.282657776430284,9.258933577439203,8.567774774697394,7.876615971955586,0.2577238914135228,2725333.0
2026-02-24 12:41:30.875665,8.372638825394798,8.452708463055794,8.600929349415244,8.372638825394798,874110,8.736743428098453,8.770380697268966,8.580781566973219,8.089354097006126,0.1607819800323167,0.2065247933662631,-0.09148562666789278,54.147699342485836,35.275193464696365,51.68783515145707,2.4499100911749423,9.251705108749093,8.580781566973219,7.909858025197344,0.26227199562835374,1851223.0
2026-02-25 12:41:30.875664,8.576244159694154,8.597486249786371,8.656307112404129,8.47756502662683,801865,8.664256710142661,8.74045200085492,8.607710833587287,8.100112179552548,0.1426146893843363,0.19374277256987776,-0.10225616637108292,51.88789502365346,33.91780338890388,45.76449123060601,10.224427705499608,9.232054416619516,8.607710833587287,7.983367250555059,0.2579191080624626,2653088.0
2026-02-26 12:41:30.875664,8.687927820271264,8.634299610212866,8.776119242725146,8.582951601843785,135656,8.601742829149796,8.733259615867015,8.63710212325942,8.114299631609196,0.12969249680943484,0.18093271741778919,-0.10248044121670868,54.00767729000963,34.71579165052174,42.081591370577925,19.98419221040936,9.202790588159374,8.63710212325942,8.071413658359464,0.2518131525386668,2788744.0
2026-02-27 12:41:30.875663,8.501227262279397,8.419177973183666,8.501227262279397,8.26352485145149,532456,8.526509230664827,8.696154041855314,8.652992260647192,8.123673058133697,0.10092959429617743,0.16493209279346685,-0.12800499699457885,34.62313801260531,29.39718313513118,37.853455292095674,12.484638821202196,9.171178171925844,8.652992260647192,8.13480634936854,0.23742950937694815,2256288.0
2026-02-28 12:41:30.875662,8.38927086309799,8.448338793909702,8.591361108578793,8.284262213034173,194437,8.510402218029679,8.665893130134696,8.668098863084467,8.135940400647165,0.07957058122494942,0.1478597904797634,-0.13657841850962793,31.26682826834862,27.02297220454689,34.24329426291275,12.58232808781517,9.1395895176945,8.668098863084467,8.196608208474434,0.24447602819337202,2450725.0
2026-03-01 12:41:30.875662,8.529472161913564,8.513444629252318,8.535151982604734,8.352665419845804,317840,8.522549451268985,8.62964643968372,8.679722351526092,8.145308321620098,0.06712315236485189,0.1317124628567811,-0.1291786209838584,37.39886821954681,28.96553552407676,32.48404134996742,21.928523872295443,9.121558748137213,8.679722351526092,8.23788595491497,0.24333819721091846,2768565.0
2026-03-02 12:41:30.875661,8.343029123312233,8.362951202387292,8.429401086872991,8.283634595319597,987996,8.47564244178917,8.569949575965914,8.683713500284686,8.154243997558051,0.04460078342409268,0.11429012697024342,-0.13937868709230147,38.41042096643201,24.55379328248253,29.84062532747246,13.980129192502673,9.111690536714798,8.683713500284686,8.255736463854573,0.23385841952933006,1780569.0
2026-03-03 12:41:30.875661,8.467502185089122,8.388663113579376,8.52242795809023,8.24403540580565,228245,8.42651514246247,8.514128985806135,8.676950435459158,8.164448443517122,0.028497874367035436,0.09713167644960183,-0.13726760416513278,35.88656721685267,25.429654152325533,28.370301602423485,19.548359252129636,9.119583235409781,8.676950435459158,8.234317635508535,0.2362402466966171,2008814.0
2026-03-04 12:41:30.875660,8.45589420974023,8.39842898016571,8.45589420974023,8.25657121728894,548999,8.42236534385888,8.474437287261853,8.672931578804087,8.172706909811057,0.01633591646463728,0.08097252445260893,-0.1292732159759433,37.347988648677536,26.625361389084112,27.788654864643696,24.29877443796495,9.12450847288647,8.672931578804087,8.221354684721705,0.2460877667994074,2557813.0
2026-03-05 12:41:30.875660,8.261975406825911,8.206445882710323,8.261975406825911,8.154072267413962,656340,8.373986761619005,8.442194489824342,8.636249780317444,8.181008132299938,-0.00869373828684239,0.06303927190471867,-0.14346602038312212,27.075503171707666,20.55676076432394,25.378023497870444,10.914235297230931,9.114834664209754,8.636249780317444,8.157664896425134,0.25144440280487207,1901473.0
2026-03-06 12:41:30.875659,8.259994008327155,8.265169134914641,8.384559927632546,8.128146603066575,732218,8.324331662751469,8.423440557010228,8.596910627139595,8.189703627021443,-0.023520316753474546,0.04572735417308003,-0.13849534185310913,25.79043769242155,20.75328894372319,23.836445313154698,14.586976204860179,9.060738532647404,8.596910627139595,8.133082721631785,0.2483941404136842,2633691.0
2026-03-07 12:41:30.875658,8.34363016575892,8.35786871408817,8.478228130924148,8.34363016575892,603683,8.323315165091644,8.399478803440406,8.569965402147663,8.196570187805033,-0.02747370591145426,0.03108714215617317,-0.11712169613525486,30.554848438663882,30.366536130767635,26.01314225235901,39.07332388758489,9.02293225591353,8.569965402147663,8.116998548381796,0.2557738558144642,3237374.0
2026-03-08 12:41:30.875658,8.500211589539955,8.53890871610995,8.6484027383251,8.437078834859465,108793,8.353364285597758,8.389939714030115,8.561599664948565,8.210711702273734,-0.015816062430513256,0.021706501238835885,-0.07504512733869828,41.695868209725724,46.562298732199125,32.86286107897239,73.96117403865262,9.010129112110786,8.561599664948565,8.113070217786344,0.25856710430187274,3346167.0
2026-03-09 12:41:30.875657,8.641516973874422,8.718875106653456,8.839884103008757,8.641516973874422,393815,8.417453510895308,8.419909427377094,8.558031734616204,8.227379352744492,0.007853952219628368,0.01893599143499438,-0.022164078430732023,56.51792633130832,58.70756121524396,41.477761124396245,93.16716139693939,8.999990554459194,8.558031734616204,8.116072914773214,0.24987721817475844,3739982.0
2026-03-10 12:41:30.875657,8.540487562178528,8.478640563503856,8.570671873107296,8.458195697736524,565940,8.471892447054014,8.42293960433651,8.544416367235602,8.239374431665842,0.007145322623392403,0.016577857672673987,-0.01886507009856317,50.799584986317385,55.553319282012765,46.16961384360175,74.3207301588348,8.978050905307747,8.544416367235602,8.110781829163457,0.25219070995307885,3174042.0
2026-03-11 12:41:30.875656,8.371675228148636,8.319610935005976,8.371675228148636,8.306806521050813,179079,8.482780807072281,8.403556234911875,8.516601337297796,8.246696978948508,-0.006177423893413803,0.01202680135945643,-0.036408450505740465,41.50669606054452,46.002538089515,46.11392192557284,45.779770417399334,8.9316751427865,8.516601337297796,8.101527531809094,0.249921809460558,2994963.0
2026-03-12 12:41:30.875656,8.489314422919662,8.405308795825635,8.489314422919662,8.28825835237917,415564,8.492268823419774,8.407791994255708,8.488870785110812,8.258696987530262,-0.009708778576028365,0.007679685372359471,-0.034776927896775674,43.20394689734488,43.64890247932223,45.29224877682264,40.362209884321416,8.849815399277682,8.488870785110812,8.127926170943942,0.2504852687219245,3410527.0
2026-03-13 12:41:30.875655,8.576025003119934,8.491679387273114,8.576025003119934,8.433957202791525,129882,8.482822957652406,8.418093621625083,8.466111303715609,8.275519211350518,-0.005474906390517731,0.00504876701978403,-0.021047346820603524,52.32976270074131,46.12487041938932,45.56978932434487,47.235032609478225,8.755837289865841,8.466111303715609,8.176385317565376,0.23619537218856188,3540409.0
2026-03-14 12:41:30.875655,8.588662924018355,8.57915178369847,8.735026488771815,8.454794100883943,170720,8.45487829306141,8.43616590197836,8.455301594620106,8.29249752598992,0.004882477018279374,0.0050155090194831,-0.00026606400240745086,54.05170801774764,51.872175714170545,47.6705847876201,60.27535756727144,8.706934635626615,8.455301594620106,8.203668553613598,0.23427633592736566,3711129.0
2026-03-15 12:41:30.875654,9.28992518027185,9.240215148501704,9.348028462491895,9.228137015495683,457230,8.60719321006098,8.539542828557497,8.49086865919092,8.319745117164178,0.06567599480698938,0.017147606176984357,0.09705677726001005,66.44089788072348,64.52369257304287,53.28828738276103,86.99450295360654,8.922790247449582,8.49086865919092,8.058947070932257,0.2761613442155439,4168359.0
2026-03-16 12:41:30.875654,9.428851274678147,9.345718171402561,9.428851274678147,9.286785878611937,219444,8.812414657340296,8.64759773220629,8.535519144608259,8.348116062645564,0.12097399496052397,0.037912883933692285,0.16612222205366337,72.69395557390658,73.91959950424624,60.165391423256104,101.4280156662265,9.111454155272664,8.535519144608259,7.959584133943852,0.27322035080438123,4387803.0
2026-03-17 12:41:30.875653,9.624810097470329,9.557971700167686,9.646288468098561,9.454842850067479,610786,9.042947238208708,8.767608030814241,8.583543417127323,8.379141879095995,0.17985192335882516,0.06630069181871887,0.2271024630802126,74.85983146847613,80.44529978203069,66.92536087618097,107.4851775937301,9.31925261162771,8.583543417127323,7.847834222626936,0.274804475405197,4998589.0
2026-03-18 12:41:30.875653,9.691119838914132,9.740338137315248,9.924875338108535,9.586299917344457,720518,9.292678988217133,8.887750972934771,8.63884534348244,8.414951722069773,0.23847950984380795,0.10073645542373669,0.2754861088401425,76.57873539835484,83.20502397048259,72.35191524094819,104.91124142955138,9.53860611425962,8.63884534348244,7.739084572705261,0.2867745215115941,5719107.0
2026-03-19 12:41:30.875652,9.857473706908971,9.867233558263395,9.89749664048407,9.80432945038916,820528,9.55029534313012,9.002586818095764,8.71124812273643,8.452288751579863,0.29181780052911677,0.13895272444481271,0.3057301521686081,83.76523518785115,87.62934667390586,77.4443923852674,107.99925525118277,9.757675173102538,8.71124812273643,7.664821072370324,0.2805460779699565,6539635.0
2026-03-20 12:41:30.875652,9.732294889168108,9.805016852851324,9.919976720502701,9.68227934297094,280135,9.663255684000044,9.135224447030511,8.779082025683511,8.487843746930258,0.3253183446453729,0.17622584848492476,0.2981849923208963,81.26201469111864,89.31171400121568,81.40016625725016,105.13480948914668,9.924918922110832,8.779082025683511,7.633245129256189,0.2792092246103701,6259500.0
2026-03-21 12:41:30.875651,10.044242097993617,9.953850972805963,10.054561783174877,9.777473163382659,250734,9.784882244280723,9.29864845081051,8.851102342861193,8.527706078283835,0.3597306854206366,0.21292681587206713,0.2936077390971389,81.67958975238116,90.80301017075396,84.53444756175143,103.34013538875902,10.10281743981967,8.851102342861193,7.599387245902714,0.28378276916627815,6510234.0
2026-03-22 12:41:30.875651,9.820809459257955,9.799999232535287,9.919844253295087,9.679290057104621,194111,9.833287750754243,9.438117494481476,8.922954744368592,8.560301149257855,0.3703193527822801,0.24440532325410974,0.25182805905634076,75.30525947167598,88.56451681956352,85.87780398102214,93.93794249664626,10.22081648122819,8.922954744368592,7.625093007508993,0.28264183284230754,6316123.0
2026-03-23 12:41:30.875650,9.700648692009636,9.753582789249243,9.757115572793746,9.700648692009636,672787,9.835936681141042,9.564307834679088,8.991200728152085,8.590883651110419,0.3706924174583879,0.2696627420949654,0.202059350726845,71.93845170162915,80.23654244554007,83.99738346919479,72.71486039823063,10.31407155242858,8.991200728152085,7.668329903875592,0.26824005810136775,5643336.0
2026-03-24 12:41:30.875649,9.69207092040303,9.658902118316545,9.82737730774725,9.654188423103244,735828,9.794270393151672,9.672282868140895,9.054224385059628,8.623032640048262,0.3592074155495002,0.28757167678587237,0.14327147752725566,76.67074603896535,69.64662081185203,79.2137959167472,50.512270602061704,10.378288818123384,9.054224385059628,7.730159951995873,0.26199073493901587,4907508.0
2026-03-25 12:41:30.875649,9.697575553524095,9.674718404283622,9.85507804233389,9.506359172506105,128427,9.768210703438132,9.715733193719087,9.127638011138291,8.653753522099173,0.34737736090544225,0.29953281360978634,0.09568909459131181,82.74094424516532,58.65211398862393,72.35990194070612,31.23653808445954,10.416124654065843,9.127638011138291,7.839151368210739,0.2746253654657832,5035935.0
2026-03-26 12:41:30.875648,10.09387658282593,10.1225918009762,10.237004051589395,10.09387658282593,942591,9.80195886907218,9.793420556676452,9.22050914444137,8.694483356046815,0.3698778755397889,0.31360182599578684,0.11255209908800412,85.3115855745281,67.21505003372486,70.64495130504571,60.35524749108316,10.514992924600476,9.22050914444137,7.926025364282266,0.30042747809187464,5978526.0
2026-03-27 12:41:30.875648,9.669246305683247,9.744560534400652,9.88033165689282,9.574088866420398,146774,9.790871129445254,9.812079440099748,9.289843735456994,8.726898046670291,0.35313501103315126,0.32150846300325975,0.06325309605978302,73.00320825298257,55.67720785301819,65.6557034877032,35.72021658364815,10.537481913288127,9.289843735456994,8.042205557625861,0.3274122443248392,5831752.0
2026-03-28 12:41:30.875647,9.912203666405057,9.878306613749727,10.060561248515002,9.77380654996335,587166,9.81581589434535,9.825876287743196,9.356813630338982,8.758529614043102,0.3466622544471569,0.3265392212920392,0.04024606631023542,73.45427130131876,54.0870497270101,61.799485567472175,38.662178046085955,10.578248565387897,9.356813630338982,8.135378695290067,0.32996712476958756,6418918.0
2026-03-29 12:41:30.875647,9.563571282547239,9.559688576620289,9.694908198488095,9.380144681617352,738154,9.795973186006098,9.795121789578886,9.398854303837323,8.787034008627248,0.3122236159327372,0.3236761002201788,-0.022904968574883222,56.581373095263956,43.042605777642976,55.54719230419578,18.033432724537377,10.585214060839517,9.398854303837323,8.21249454683513,0.31063035715094106,5680764.0
2026-03-30 12:41:30.875646,9.521032295537475,9.469458143293682,9.521032295537475,9.318177254959213,883872,9.754921133808109,9.761565918623122,9.448395182826816,8.811513913129795,0.27448580343033946,0.3138380408622109,-0.07870447486374288,52.56527082888735,34.183260780521394,48.425881796304324,5.698018748955533,10.552882737005048,9.448395182826816,8.343907628648585,0.31440715682841486,4796892.0
2026-03-31 12:41:30.875645,9.679595502422936,9.675693585255624,9.787213377050094,9.48257949181972,742678,9.665541490663994,9.733750179868087,9.516199315339298,8.838330234515153,0.2582429279974452,0.3027190182892578,-0.0889521805836252,52.44661390107837,35.75887040365859,44.20354466542242,18.869521880130932,10.487368255625853,9.516199315339298,8.545030375052743,0.31563465233272997,5539570.0
2026-04-01 12:41:30.875645,9.75637228253814,9.688132660624067,9.805691377755142,9.620177808749178,821555,9.654255915908678,9.722563522676966,9.58034050857922,8.86314343234004,0.24356638000394248,0.29088849063219474,-0.09464422125650451,48.83255458229574,37.260543420292066,41.88921091704564,28.003208426784923,10.400257673934854,9.58034050857922,8.760423343223584,0.30267821883738105,6361125.0
2026-04-02 12:41:30.875644,9.489146789103243,9.479305972966587,9.559715261082488,9.33385772237349,405505,9.574455787752049,9.6951358410487,9.629721837863894,8.879292034678965,0.21263343563745174,0.27523747963324613,-0.12520808799158878,41.63161525662576,30.685813551980193,38.15474512869049,15.747950398559595,10.27364229346421,9.629721837863894,8.985801382263578,0.31675796420036356,5955620.0
2026-04-03 12:41:30.875644,9.35508203406144,9.343694318493124,9.481316514899,9.268583926614776,833342,9.531256936126617,9.663615061066357,9.667948964603626,8.893876558952492,0.17515702604032413,0.25522138891466173,-0.1601287257486752,40.353789980789756,23.042532970733287,33.117341076038095,2.8929167601236685,10.107661171003322,9.667948964603626,9.22823675820393,0.3149747649683966,5122278.0
2026-04-04 12:41:30.875644,9.54203680671265,9.470693391004758,9.647675461235673,9.379798293690428,172103,9.531503985668833,9.64321255973847,9.679472876728779,8.912705436872363,0.1539300553478853,0.23496312220130647,-0.16206613370684236,39.804118814781354,23.868222811755604,30.0343016546106,11.536065126045614,10.082538745457207,9.679472876728779,9.276407008000351,0.31689565946484877,5294381.0
2026-04-05 12:41:30.875643,9.314337185376637,9.33235182236448,9.505106442327454,9.215229787300288,905334,9.462835633090604,9.5641885618773,9.678804559276875,8.931701756952783,0.12450925453950923,0.21287234866894703,-0.1767261882588756,40.0663974171095,20.53053554626665,26.866379618495955,7.858847401808035,10.084237878897104,9.678804559276875,9.273371239656646,0.3179896408452648,4389047.0
2026-04-06 12:41:30.875643,9.304147478020814,9.372753176623517,9.457265299633018,9.208977977676852,592833,9.399759736290495,9.527007826099586,9.669543633099668,8.95359929460476,0.10326276074689211,0.19095043108453605,-0.17537534067528787,41.889825874901504,22.835759585637465,25.522839607543126,17.461599541826146,10.094585652827293,9.669543633099668,9.244501613372043,0.328627982376016,4981880.0
2026-04-07 12:41:30.875642,9.292883266316593,9.381295848767978,9.402542240955349,9.196656285479168,835567,9.380157711450773,9.47730674960141,9.651591518672303,8.97584632847139,0.08612133050212734,0.1699846109680543,-0.16772656093185395,43.86292013287536,25.329418511717748,25.458365908934667,25.07152371728391,10.094017312184649,9.651591518672303,9.209165725159957,0.330963487435457,5817447.0
2026-04-08 12:41:30.875642,9.306285250712788,9.259038736046973,9.441412392247917,9.11676927007004,507086,9.36322659496154,9.447241765544078,9.621181777561484,8.995140720315032,0.06195729119868787,0.14837914701418103,-0.17284371163098633,41.22355019832772,23.769953489531428,24.895561769133586,21.51873693032711,10.084321842530631,9.621181777561484,9.158041712592336,0.3292437911747493,5310361.0
2026-04-09 12:41:30.875641,9.679290278682789,9.656055963466615,9.818064900873956,9.575376374900912,679219,9.400299109453913,9.465901547561373,9.613733733092246,9.020304873953409,0.07399017551352927,0.1335013527140507,-0.11902235440104286,39.93362309849467,41.47951047542328,30.423544671230154,63.59144208380954,10.069152643907941,9.613733733092246,9.158314822276552,0.3290109709976929,5989580.0
2026-04-10 12:41:30.875641,9.818390909584133,9.77847911458279,9.818390909584133,9.6960745016518,573762,9.489524567897574,9.476180100494087,9.60496514018109,9.045263278189456,0.0923404054730188,0.12526916326584434,-0.06585751558565106,50.82259183698901,59.09017136806525,39.97908690350852,97.31234029717871,10.039065265691756,9.60496514018109,9.170865014670424,0.30142754325210114,6563342.0
2026-04-11 12:41:30.875640,9.328560992777064,9.382422824829119,9.555217382779675,9.244016644396767,758430,9.491458497538696,9.445609116914593,9.58408631979578,9.063584854816352,0.07407082001394372,0.11502949461546422,-0.081917349203041,39.33124276706604,52.01437885172774,43.99085088624826,68.0614347826867,10.018857196472082,9.58408631979578,9.149315443119479,0.31703195440007775,5804912.0
2026-04-12 12:41:30.875640,9.348921906148567,9.417410689202729,9.581254115174378,9.348921906148567,173466,9.498681465625646,9.43941958853821,9.567277714793454,9.078476292801566,0.061703985031492437,0.10436439269866987,-0.08532081533435487,46.51342857151526,48.95942183365895,45.647041202051824,55.584183096873204,10.000447980542164,9.567277714793454,9.134107449044743,0.29804411703532324,5978378.0
2026-04-13 12:41:30.875639,9.202539949774417,9.292764390657139,9.389193187092717,9.202539949774417,154316,9.505426596547677,9.434326595754609,9.548970828410484,9.092042264091399,0.0413683955170292,0.09176519326234175,-0.10079359549062511,45.74187897710834,41.00096444747891,44.09834895052752,34.806195441381675,9.996545101667763,9.548970828410484,9.101396555153205,0.29614121830441154,5824062.0
2026-04-14 12:41:30.875639,9.42295111517794,9.451193633437207,9.562958806115613,9.3841615798658,322392,9.464454130541796,9.432376619997855,9.537794589868163,9.100560793774633,0.03760274907627803,0.08093270442512901,-0.08665991069770196,44.462204055422276,43.22213902178616,43.8062789742804,42.05385911679767,9.983306177229606,9.537794589868163,9.09228300250672,0.2927440169974161,6146454.0
2026-04-15 12:41:30.875638,9.318115480687549,9.301388294288365,9.375613875871707,9.247953866395676,243590,9.369035966482912,9.429280267190242,9.49673441453377,9.104718062038245,0.022273651458959876,0.06920089383189518,-0.0938544847458706,41.06555861843188,37.585822164856765,41.732793371139195,29.291879752291905,9.858881266761726,9.49673441453377,9.134587562305816,0.2940101739999565,5902864.0
2026-04-16 12:41:30.875638,9.260044530080801,9.280044130416595,9.290207938915042,9.225049081735948,884605,9.348560227600407,9.42000936256955,9.473508594334568,9.11110591064641,0.008307175564349123,0.05702215017838597,-0.0974299492280737,44.96015046655496,32.814237990185774,38.75994157748806,20.922830815581207,9.828239699706515,9.473508594334568,9.118777488962621,0.2741576221643737,5018259.0
2026-04-17 12:41:30.875637,9.36204830082873,9.373770215101349,9.436611453499838,9.32997450752518,297292,9.339832132780131,9.419256799202888,9.448281774402151,9.122231689896568,0.004746835957220696,0.04656708733415292,-0.08364050275386445,50.77716401121441,31.14410802349134,36.22133039282249,20.98966328482905,9.749532048113839,9.448281774402151,9.147031500690463,0.2701458175071608,5315551.0
2026-04-18 12:41:30.875637,9.6131597970193,9.536078020154973,9.689199482646593,9.528049941345182,978278,9.388494858679698,9.446960727613689,9.447101246578885,9.134662428344138,0.014850932269791173,0.04022385632128057,-0.05074584810297879,51.65926731852522,38.815703449626184,37.086121411757055,42.27486752536444,9.746693790043462,9.447101246578885,9.147508703114308,0.27096354070735335,6293829.0
2026-04-19 12:41:30.875636,9.278909416807853,9.307155616455061,9.308017835633517,9.278909416807853,403206,9.35968725528327,9.412070692912533,9.438986120236953,9.143932556766458,0.004336389401643714,0.0330463629373532,-0.05741994707141897,49.388698887594664,33.04269729130141,35.73831337160517,27.65146513069388,9.744757751746862,9.438986120236953,9.133214488727043,0.2686272513016358,5890623.0
2026-04-20 12:41:30.875635,9.247477141250656,9.244890515337696,9.306553781922505,9.062262808284549,263906,9.348387699493134,9.358711832988025,9.417445966741056,9.150082206459384,-0.008917934466259325,0.024653503456630695,-0.06714287584578005,46.930408289908776,31.738520890528783,34.40504921124638,26.405464249093598,9.71355067656876,9.417445966741056,9.121341256913352,0.2683847860312319,5626717.0
2026-04-21 12:41:30.875635,9.209022800797486,9.157074167288576,9.229995372454669,9.07873116104072,810728,9.32379370686753,9.33617696723397,9.390893042074282,9.15336811192144,-0.026206040082165316,0.014481594748871493,-0.08137526966207362,44.814495332990035,26.19999934501771,31.670032589170155,15.259932856712808,9.679953781512905,9.390893042074282,9.101832302635659,0.2655471716612888,4815989.0
2026-04-22 12:41:30.875634,9.018722750821292,9.03742248252187,9.13455590460186,8.967956036888408,692836,9.256524160351635,9.298178146565885,9.368798867552046,9.154877336377183,-0.048997071585054286,0.0017858614820863376,-0.10156586613428124,44.86856636787593,20.677160829859357,28.00574200273322,6.019998484111625,9.694618664959577,9.368798867552046,9.042979070144515,0.2558668151057381,4123153.0
2026-04-23 12:41:30.875633,9.379371746101993,9.35652559938147,9.528658651835485,9.229342855400116,548376,9.220613676196935,9.304554267438316,9.369440431596463,9.1642303302734,-0.040839402368202826,-0.006739191287971495,-0.06820042216046267,42.80488739134392,31.743091325635397,29.251525110367282,36.726223756171635,9.695102584418235,9.369440431596463,9.04377827877469,0.2510246725690689,4671529.0
2026-04-24 12:41:30.875631,9.500668571220777,9.43231003429922,9.500668571220777,9.391137267568531,599827,9.245644559765767,9.302665907524517,9.367521263761185,9.179287599893629,-0.027937177804657765,-0.010978788591308748,-0.03391677842669803,41.49397423524044,42.62286814847897,33.70863945640451,60.45132553262789,9.691116849740089,9.367521263761185,9.043925677782282,0.2497252458349109,5271356.0
2026-04-25 12:41:30.875623,9.277110956381993,9.194449066807994,9.277110956381993,9.019761672382495,747281,9.235556270059826,9.291971984776481,9.360626125983362,9.191649943289498,-0.03648488898289415,-0.016080008669625827,-0.04080976062653664,44.9917759746239,38.88295603459696,35.43341164913533,45.782044805520215,9.693131203984771,9.360626125983362,9.028121047981953,0.24101709524424678,4524075.0
